backend,size_bytes,level,iter,wall_ms,sandbox_ms,native_ms
native,16777216,1,0,44.11775100743398,,41.385
native,16777216,1,1,43.91775801195763,,41.304
native,16777216,1,2,44.00397097924724,,41.447
