backend,level,size,iter,inner_iter,compression_ms
process,90,10240,0,0,0.599
process,90,10240,0,1,0.752
process,90,10240,0,2,0.704
process,90,10240,0,3,0.609
process,90,10240,0,4,0.619
process,90,10240,0,5,0.614
process,90,10240,0,6,0.532
process,90,10240,0,7,0.585
process,90,10240,0,8,0.58
process,90,10240,0,9,0.535
process,90,10240,0,10,0.55
process,90,10240,0,11,0.528
process,90,10240,0,12,0.604
process,90,10240,0,13,0.625
process,90,10240,0,14,0.632
process,90,10240,0,15,0.544
process,90,10240,0,16,0.577
process,90,10240,0,17,0.57
process,90,10240,0,18,0.687
process,90,10240,0,19,0.576
process,90,10240,0,20,0.592
process,90,10240,0,21,0.582
process,90,10240,0,22,0.597
process,90,10240,0,23,0.547
process,90,10240,0,24,0.612
process,90,10240,0,25,0.588
process,90,10240,0,26,0.544
process,90,10240,0,27,0.537
process,90,10240,0,28,0.579
process,90,10240,0,29,0.633
process,90,10240,0,30,0.618
process,90,10240,0,31,0.551
process,90,10240,0,32,0.571
process,90,10240,0,33,0.574
process,90,10240,0,34,0.554
process,90,10240,0,35,0.573
process,90,10240,0,36,0.642
process,90,10240,0,37,0.545
process,90,10240,0,38,0.561
process,90,10240,0,39,0.551
process,90,10240,0,40,0.551
process,90,10240,0,41,0.594
process,90,10240,0,42,0.602
process,90,10240,0,43,0.625
process,90,10240,0,44,0.616
process,90,10240,0,45,0.54
process,90,10240,0,46,0.597
process,90,10240,0,47,0.552
process,90,10240,0,48,0.52
process,90,10240,0,49,0.585
process,90,10240,0,50,0.53
process,90,10240,0,51,0.562
process,90,10240,0,52,0.535
process,90,10240,0,53,0.538
process,90,10240,0,54,0.578
process,90,10240,0,55,0.633
process,90,10240,0,56,0.69
process,90,10240,0,57,0.594
process,90,10240,0,58,0.598
process,90,10240,0,59,0.548
process,90,10240,0,60,0.588
process,90,10240,0,61,0.614
process,90,10240,0,62,0.579
process,90,10240,0,63,0.705
process,90,10240,0,64,0.606
process,90,10240,0,65,0.651
process,90,10240,0,66,0.664
process,90,10240,0,67,0.588
process,90,10240,0,68,0.663
process,90,10240,0,69,0.504
process,90,10240,0,70,0.572
process,90,10240,0,71,0.594
process,90,10240,0,72,0.573
process,90,10240,0,73,0.591
process,90,10240,0,74,0.63
process,90,10240,0,75,0.629
process,90,10240,0,76,0.66
process,90,10240,0,77,0.518
process,90,10240,0,78,0.515
process,90,10240,0,79,0.554
process,90,10240,0,80,0.679
process,90,10240,0,81,0.635
process,90,10240,0,82,0.52
process,90,10240,0,83,0.705
process,90,10240,0,84,0.52
process,90,10240,0,85,0.596
process,90,10240,0,86,0.627
process,90,10240,0,87,0.602
process,90,10240,0,88,0.537
process,90,10240,0,89,0.574
process,90,10240,0,90,0.559
process,90,10240,0,91,0.605
process,90,10240,0,92,0.72
process,90,10240,0,93,0.639
process,90,10240,0,94,0.536
process,90,10240,0,95,0.633
process,90,10240,0,96,0.541
process,90,10240,0,97,0.534
process,90,10240,0,98,0.57
process,90,10240,0,99,0.591
process,90,1048576,0,0,2.075
process,90,1048576,0,1,2.108
process,90,1048576,0,2,2.078
process,90,1048576,0,3,2.066
process,90,1048576,0,4,2.2
process,90,1048576,0,5,2.455
process,90,1048576,0,6,2.214
process,90,1048576,0,7,2.196
process,90,1048576,0,8,2.153
process,90,1048576,0,9,2.126
process,90,1048576,0,10,2.453
process,90,1048576,0,11,2.388
process,90,1048576,0,12,2.42
process,90,1048576,0,13,2.336
process,90,1048576,0,14,2.341
process,90,1048576,0,15,2.245
process,90,1048576,0,16,3.168
process,90,1048576,0,17,2.098
process,90,1048576,0,18,2.198
process,90,1048576,0,19,2.55
process,90,1048576,0,20,2.225
process,90,1048576,0,21,2.277
process,90,1048576,0,22,2.109
process,90,1048576,0,23,2.692
process,90,1048576,0,24,3.09
process,90,1048576,0,25,2.116
process,90,1048576,0,26,2.115
process,90,1048576,0,27,2.133
process,90,1048576,0,28,2.205
process,90,1048576,0,29,2.115
process,90,1048576,0,30,3.106
process,90,1048576,0,31,2.236
process,90,1048576,0,32,2.08
process,90,1048576,0,33,3.085
process,90,1048576,0,34,2.151
process,90,1048576,0,35,2.046
process,90,1048576,0,36,2.498
process,90,1048576,0,37,2.268
process,90,1048576,0,38,2.15
process,90,1048576,0,39,2.689
process,90,1048576,0,40,2.148
process,90,1048576,0,41,2.689
process,90,1048576,0,42,2.749
process,90,1048576,0,43,2.128
process,90,1048576,0,44,2.218
process,90,1048576,0,45,2.314
process,90,1048576,0,46,2.066
process,90,1048576,0,47,2.38
process,90,1048576,0,48,2.929
process,90,1048576,0,49,3.446
process,90,1048576,0,50,2.188
process,90,1048576,0,51,2.319
process,90,1048576,0,52,2.254
process,90,1048576,0,53,2.735
process,90,1048576,0,54,2.243
process,90,1048576,0,55,2.232
process,90,1048576,0,56,2.88
process,90,1048576,0,57,2.355
process,90,1048576,0,58,2.116
process,90,1048576,0,59,2.692
process,90,1048576,0,60,2.53
process,90,1048576,0,61,2.871
process,90,1048576,0,62,2.307
process,90,1048576,0,63,2.251
process,90,1048576,0,64,2.302
process,90,1048576,0,65,3.114
process,90,1048576,0,66,2.429
process,90,1048576,0,67,2.184
process,90,1048576,0,68,2.265
process,90,1048576,0,69,2.282
process,90,1048576,0,70,2.049
process,90,1048576,0,71,2.317
process,90,1048576,0,72,2.421
process,90,1048576,0,73,2.314
process,90,1048576,0,74,2.429
process,90,1048576,0,75,3.404
process,90,1048576,0,76,2.311
process,90,1048576,0,77,2.471
process,90,1048576,0,78,2.133
process,90,1048576,0,79,2.121
process,90,1048576,0,80,2.152
process,90,1048576,0,81,2.213
process,90,1048576,0,82,2.247
process,90,1048576,0,83,2.084
process,90,1048576,0,84,2.315
process,90,1048576,0,85,2.265
process,90,1048576,0,86,2.422
process,90,1048576,0,87,2.17
process,90,1048576,0,88,2.254
process,90,1048576,0,89,2.239
process,90,1048576,0,90,2.36
process,90,1048576,0,91,2.36
process,90,1048576,0,92,2.289
process,90,1048576,0,93,2.206
process,90,1048576,0,94,3.233
process,90,1048576,0,95,2.132
process,90,1048576,0,96,2.285
process,90,1048576,0,97,2.498
process,90,1048576,0,98,2.058
process,90,1048576,0,99,2.279
process,90,10240,1,0,0.72
process,90,10240,1,1,0.718
process,90,10240,1,2,0.991
process,90,10240,1,3,0.734
process,90,10240,1,4,0.638
process,90,10240,1,5,0.706
process,90,10240,1,6,0.562
process,90,10240,1,7,0.584
process,90,10240,1,8,0.56
process,90,10240,1,9,0.688
process,90,10240,1,10,0.556
process,90,10240,1,11,0.846
process,90,10240,1,12,0.545
process,90,10240,1,13,0.581
process,90,10240,1,14,0.73
process,90,10240,1,15,0.661
process,90,10240,1,16,0.541
process,90,10240,1,17,0.574
process,90,10240,1,18,0.542
process,90,10240,1,19,0.588
process,90,10240,1,20,0.565
process,90,10240,1,21,0.571
process,90,10240,1,22,0.581
process,90,10240,1,23,0.644
process,90,10240,1,24,0.63
process,90,10240,1,25,0.542
process,90,10240,1,26,0.564
process,90,10240,1,27,0.662
process,90,10240,1,28,0.721
process,90,10240,1,29,0.54
process,90,10240,1,30,0.547
process,90,10240,1,31,0.565
process,90,10240,1,32,0.584
process,90,10240,1,33,0.598
process,90,10240,1,34,0.602
process,90,10240,1,35,0.585
process,90,10240,1,36,0.601
process,90,10240,1,37,0.688
process,90,10240,1,38,0.592
process,90,10240,1,39,0.674
process,90,10240,1,40,0.722
process,90,10240,1,41,0.565
process,90,10240,1,42,0.631
process,90,10240,1,43,0.587
process,90,10240,1,44,0.554
process,90,10240,1,45,0.65
process,90,10240,1,46,0.614
process,90,10240,1,47,0.743
process,90,10240,1,48,0.641
process,90,10240,1,49,0.65
process,90,10240,1,50,0.557
process,90,10240,1,51,0.765
process,90,10240,1,52,0.651
process,90,10240,1,53,0.622
process,90,10240,1,54,0.617
process,90,10240,1,55,0.557
process,90,10240,1,56,0.54
process,90,10240,1,57,0.564
process,90,10240,1,58,0.616
process,90,10240,1,59,0.696
process,90,10240,1,60,0.59
process,90,10240,1,61,0.698
process,90,10240,1,62,0.542
process,90,10240,1,63,0.529
process,90,10240,1,64,0.968
process,90,10240,1,65,0.682
process,90,10240,1,66,0.574
process,90,10240,1,67,0.528
process,90,10240,1,68,0.563
process,90,10240,1,69,0.546
process,90,10240,1,70,0.601
process,90,10240,1,71,0.62
process,90,10240,1,72,0.601
process,90,10240,1,73,0.569
process,90,10240,1,74,0.595
process,90,10240,1,75,0.54
process,90,10240,1,76,0.685
process,90,10240,1,77,0.675
process,90,10240,1,78,0.586
process,90,10240,1,79,0.564
process,90,10240,1,80,0.561
process,90,10240,1,81,0.566
process,90,10240,1,82,0.541
process,90,10240,1,83,0.602
process,90,10240,1,84,0.524
process,90,10240,1,85,0.551
process,90,10240,1,86,0.673
process,90,10240,1,87,0.519
process,90,10240,1,88,0.539
process,90,10240,1,89,0.618
process,90,10240,1,90,0.784
process,90,10240,1,91,0.639
process,90,10240,1,92,0.539
process,90,10240,1,93,0.518
process,90,10240,1,94,0.54
process,90,10240,1,95,0.607
process,90,10240,1,96,0.578
process,90,10240,1,97,0.586
process,90,10240,1,98,0.64
process,90,10240,1,99,0.884
process,90,1048576,1,0,2.12
process,90,1048576,1,1,2.14
process,90,1048576,1,2,3.576
process,90,1048576,1,3,2.632
process,90,1048576,1,4,2.244
process,90,1048576,1,5,2.692
process,90,1048576,1,6,3.239
process,90,1048576,1,7,2.144
process,90,1048576,1,8,2.35
process,90,1048576,1,9,3.186
process,90,1048576,1,10,2.607
process,90,1048576,1,11,2.187
process,90,1048576,1,12,3.513
process,90,1048576,1,13,2.345
process,90,1048576,1,14,2.575
process,90,1048576,1,15,3.061
process,90,1048576,1,16,2.495
process,90,1048576,1,17,2.088
process,90,1048576,1,18,2.148
process,90,1048576,1,19,2.236
process,90,1048576,1,20,2.317
process,90,1048576,1,21,2.941
process,90,1048576,1,22,2.223
process,90,1048576,1,23,2.305
process,90,1048576,1,24,2.177
process,90,1048576,1,25,2.222
process,90,1048576,1,26,2.219
process,90,1048576,1,27,2.189
process,90,1048576,1,28,2.428
process,90,1048576,1,29,3.515
process,90,1048576,1,30,2.241
process,90,1048576,1,31,2.251
process,90,1048576,1,32,2.78
process,90,1048576,1,33,3.057
process,90,1048576,1,34,2.391
process,90,1048576,1,35,2.108
process,90,1048576,1,36,2.161
process,90,1048576,1,37,2.731
process,90,1048576,1,38,2.259
process,90,1048576,1,39,2.09
process,90,1048576,1,40,2.242
process,90,1048576,1,41,2.098
process,90,1048576,1,42,2.244
process,90,1048576,1,43,2.102
process,90,1048576,1,44,2.36
process,90,1048576,1,45,2.309
process,90,1048576,1,46,3.03
process,90,1048576,1,47,2.289
process,90,1048576,1,48,2.143
process,90,1048576,1,49,2.641
process,90,1048576,1,50,2.165
process,90,1048576,1,51,2.394
process,90,1048576,1,52,2.255
process,90,1048576,1,53,2.332
process,90,1048576,1,54,2.223
process,90,1048576,1,55,2.23
process,90,1048576,1,56,2.049
process,90,1048576,1,57,2.288
process,90,1048576,1,58,2.113
process,90,1048576,1,59,2.098
process,90,1048576,1,60,2.525
process,90,1048576,1,61,2.566
process,90,1048576,1,62,2.742
process,90,1048576,1,63,2.091
process,90,1048576,1,64,2.102
process,90,1048576,1,65,1.946
process,90,1048576,1,66,1.876
process,90,1048576,1,67,2.036
process,90,1048576,1,68,1.939
process,90,1048576,1,69,2.093
process,90,1048576,1,70,2.106
process,90,1048576,1,71,2.145
process,90,1048576,1,72,2.008
process,90,1048576,1,73,1.986
process,90,1048576,1,74,1.923
process,90,1048576,1,75,2.287
process,90,1048576,1,76,2.057
process,90,1048576,1,77,1.998
process,90,1048576,1,78,2.086
process,90,1048576,1,79,2.118
process,90,1048576,1,80,2.175
process,90,1048576,1,81,2.315
process,90,1048576,1,82,2.045
process,90,1048576,1,83,2.043
process,90,1048576,1,84,2.031
process,90,1048576,1,85,1.904
process,90,1048576,1,86,1.79
process,90,1048576,1,87,1.946
process,90,1048576,1,88,2.316
process,90,1048576,1,89,2.145
process,90,1048576,1,90,2.298
process,90,1048576,1,91,2.1
process,90,1048576,1,92,1.944
process,90,1048576,1,93,1.931
process,90,1048576,1,94,2.051
process,90,1048576,1,95,1.853
process,90,1048576,1,96,1.818
process,90,1048576,1,97,1.986
process,90,1048576,1,98,1.846
process,90,1048576,1,99,1.811
process,90,10240,2,0,0.434
process,90,10240,2,1,0.53
process,90,10240,2,2,0.455
process,90,10240,2,3,0.488
process,90,10240,2,4,0.468
process,90,10240,2,5,0.446
process,90,10240,2,6,0.512
process,90,10240,2,7,0.441
process,90,10240,2,8,0.478
process,90,10240,2,9,0.499
process,90,10240,2,10,0.531
process,90,10240,2,11,0.438
process,90,10240,2,12,0.477
process,90,10240,2,13,0.592
process,90,10240,2,14,0.477
process,90,10240,2,15,0.463
process,90,10240,2,16,0.465
process,90,10240,2,17,0.442
process,90,10240,2,18,0.435
process,90,10240,2,19,0.531
process,90,10240,2,20,0.43
process,90,10240,2,21,0.435
process,90,10240,2,22,0.427
process,90,10240,2,23,0.478
process,90,10240,2,24,0.419
process,90,10240,2,25,0.442
process,90,10240,2,26,0.4
process,90,10240,2,27,0.466
process,90,10240,2,28,0.45
process,90,10240,2,29,0.45
process,90,10240,2,30,0.461
process,90,10240,2,31,0.474
process,90,10240,2,32,0.478
process,90,10240,2,33,0.546
process,90,10240,2,34,0.474
process,90,10240,2,35,0.453
process,90,10240,2,36,0.471
process,90,10240,2,37,0.484
process,90,10240,2,38,0.533
process,90,10240,2,39,0.456
process,90,10240,2,40,0.472
process,90,10240,2,41,0.502
process,90,10240,2,42,0.508
process,90,10240,2,43,0.557
process,90,10240,2,44,0.521
process,90,10240,2,45,0.463
process,90,10240,2,46,0.462
process,90,10240,2,47,0.495
process,90,10240,2,48,0.512
process,90,10240,2,49,0.475
process,90,10240,2,50,0.46
process,90,10240,2,51,0.556
process,90,10240,2,52,0.448
process,90,10240,2,53,0.472
process,90,10240,2,54,0.474
process,90,10240,2,55,0.496
process,90,10240,2,56,0.45
process,90,10240,2,57,0.487
process,90,10240,2,58,0.495
process,90,10240,2,59,0.538
process,90,10240,2,60,0.478
process,90,10240,2,61,0.501
process,90,10240,2,62,0.48
process,90,10240,2,63,0.469
process,90,10240,2,64,0.518
process,90,10240,2,65,0.554
process,90,10240,2,66,0.493
process,90,10240,2,67,0.483
process,90,10240,2,68,0.464
process,90,10240,2,69,0.485
process,90,10240,2,70,0.466
process,90,10240,2,71,0.437
process,90,10240,2,72,0.422
process,90,10240,2,73,0.465
process,90,10240,2,74,0.474
process,90,10240,2,75,0.42
process,90,10240,2,76,0.445
process,90,10240,2,77,0.461
process,90,10240,2,78,0.463
process,90,10240,2,79,0.455
process,90,10240,2,80,0.442
process,90,10240,2,81,0.463
process,90,10240,2,82,0.469
process,90,10240,2,83,0.436
process,90,10240,2,84,0.427
process,90,10240,2,85,0.437
process,90,10240,2,86,0.436
process,90,10240,2,87,0.434
process,90,10240,2,88,0.432
process,90,10240,2,89,0.446
process,90,10240,2,90,0.457
process,90,10240,2,91,0.444
process,90,10240,2,92,0.469
process,90,10240,2,93,0.496
process,90,10240,2,94,0.474
process,90,10240,2,95,0.508
process,90,10240,2,96,0.49
process,90,10240,2,97,0.506
process,90,10240,2,98,0.494
process,90,10240,2,99,0.464
process,90,1048576,2,0,1.782
process,90,1048576,2,1,1.849
process,90,1048576,2,2,1.745
process,90,1048576,2,3,1.849
process,90,1048576,2,4,1.974
process,90,1048576,2,5,1.829
process,90,1048576,2,6,1.951
process,90,1048576,2,7,1.952
process,90,1048576,2,8,1.928
process,90,1048576,2,9,1.845
process,90,1048576,2,10,1.834
process,90,1048576,2,11,1.698
process,90,1048576,2,12,1.746
process,90,1048576,2,13,1.725
process,90,1048576,2,14,1.746
process,90,1048576,2,15,1.705
process,90,1048576,2,16,1.853
process,90,1048576,2,17,2.152
process,90,1048576,2,18,1.979
process,90,1048576,2,19,2.151
process,90,1048576,2,20,1.98
process,90,1048576,2,21,2.282
process,90,1048576,2,22,2.38
process,90,1048576,2,23,2.303
process,90,1048576,2,24,2.094
process,90,1048576,2,25,1.87
process,90,1048576,2,26,1.895
process,90,1048576,2,27,1.888
process,90,1048576,2,28,2.002
process,90,1048576,2,29,1.892
process,90,1048576,2,30,1.989
process,90,1048576,2,31,1.996
process,90,1048576,2,32,1.833
process,90,1048576,2,33,1.863
process,90,1048576,2,34,1.758
process,90,1048576,2,35,1.835
process,90,1048576,2,36,1.694
process,90,1048576,2,37,1.872
process,90,1048576,2,38,1.792
process,90,1048576,2,39,1.768
process,90,1048576,2,40,1.941
process,90,1048576,2,41,1.75
process,90,1048576,2,42,1.818
process,90,1048576,2,43,1.981
process,90,1048576,2,44,1.947
process,90,1048576,2,45,1.784
process,90,1048576,2,46,2.006
process,90,1048576,2,47,2.215
process,90,1048576,2,48,2.384
process,90,1048576,2,49,2.131
process,90,1048576,2,50,1.749
process,90,1048576,2,51,1.963
process,90,1048576,2,52,2.112
process,90,1048576,2,53,2.106
process,90,1048576,2,54,1.909
process,90,1048576,2,55,1.873
process,90,1048576,2,56,1.926
process,90,1048576,2,57,1.936
process,90,1048576,2,58,1.879
process,90,1048576,2,59,1.961
process,90,1048576,2,60,1.989
process,90,1048576,2,61,1.87
process,90,1048576,2,62,2.059
process,90,1048576,2,63,1.931
process,90,1048576,2,64,1.783
process,90,1048576,2,65,1.799
process,90,1048576,2,66,1.894
process,90,1048576,2,67,1.914
process,90,1048576,2,68,1.843
process,90,1048576,2,69,2.8
process,90,1048576,2,70,1.975
process,90,1048576,2,71,1.853
process,90,1048576,2,72,1.961
process,90,1048576,2,73,1.766
process,90,1048576,2,74,1.773
process,90,1048576,2,75,1.822
process,90,1048576,2,76,2.029
process,90,1048576,2,77,1.655
process,90,1048576,2,78,1.785
process,90,1048576,2,79,1.882
process,90,1048576,2,80,1.606
process,90,1048576,2,81,1.847
process,90,1048576,2,82,1.769
process,90,1048576,2,83,1.941
process,90,1048576,2,84,2.017
process,90,1048576,2,85,1.819
process,90,1048576,2,86,1.803
process,90,1048576,2,87,2.024
process,90,1048576,2,88,2.216
process,90,1048576,2,89,2.073
process,90,1048576,2,90,2.234
process,90,1048576,2,91,2.337
process,90,1048576,2,92,2.57
process,90,1048576,2,93,2.066
process,90,1048576,2,94,2.021
process,90,1048576,2,95,2.118
process,90,1048576,2,96,2.301
process,90,1048576,2,97,2.076
process,90,1048576,2,98,2.155
process,90,1048576,2,99,2.017
adaptive,90,10240,0,0,0.382
adaptive,90,10240,0,1,0.621
adaptive,90,10240,0,2,0.22
adaptive,90,10240,0,3,0.178
adaptive,90,10240,0,4,0.17
adaptive,90,10240,0,5,0.167
adaptive,90,10240,0,6,0.166
adaptive,90,10240,0,7,0.165
adaptive,90,10240,0,8,0.168
adaptive,90,10240,0,9,0.165
adaptive,90,10240,0,10,0.165
adaptive,90,10240,0,11,0.164
adaptive,90,10240,0,12,0.165
adaptive,90,10240,0,13,0.164
adaptive,90,10240,0,14,0.164
adaptive,90,10240,0,15,0.164
adaptive,90,10240,0,16,0.165
adaptive,90,10240,0,17,0.164
adaptive,90,10240,0,18,0.163
adaptive,90,10240,0,19,0.163
adaptive,90,10240,0,20,0.163
adaptive,90,10240,0,21,0.165
adaptive,90,10240,0,22,0.164
adaptive,90,10240,0,23,0.163
adaptive,90,10240,0,24,0.163
adaptive,90,10240,0,25,0.163
adaptive,90,10240,0,26,0.166
adaptive,90,10240,0,27,0.166
adaptive,90,10240,0,28,0.163
adaptive,90,10240,0,29,0.166
adaptive,90,10240,0,30,0.163
adaptive,90,10240,0,31,0.164
adaptive,90,10240,0,32,0.163
adaptive,90,10240,0,33,0.163
adaptive,90,10240,0,34,0.164
adaptive,90,10240,0,35,0.163
adaptive,90,10240,0,36,0.163
adaptive,90,10240,0,37,0.163
adaptive,90,10240,0,38,0.163
adaptive,90,10240,0,39,0.163
adaptive,90,10240,0,40,0.162
adaptive,90,10240,0,41,0.163
adaptive,90,10240,0,42,0.163
adaptive,90,10240,0,43,0.163
adaptive,90,10240,0,44,0.164
adaptive,90,10240,0,45,0.165
adaptive,90,10240,0,46,0.166
adaptive,90,10240,0,47,0.163
adaptive,90,10240,0,48,0.162
adaptive,90,10240,0,49,0.163
adaptive,90,10240,0,50,0.162
adaptive,90,10240,0,51,0.162
adaptive,90,10240,0,52,0.163
adaptive,90,10240,0,53,0.163
adaptive,90,10240,0,54,0.164
adaptive,90,10240,0,55,0.162
adaptive,90,10240,0,56,0.162
adaptive,90,10240,0,57,0.162
adaptive,90,10240,0,58,0.162
adaptive,90,10240,0,59,0.163
adaptive,90,10240,0,60,0.186
adaptive,90,10240,0,61,0.136
adaptive,90,10240,0,62,0.124
adaptive,90,10240,0,63,0.12
adaptive,90,10240,0,64,0.118
adaptive,90,10240,0,65,0.118
adaptive,90,10240,0,66,0.12
adaptive,90,10240,0,67,0.117
adaptive,90,10240,0,68,0.121
adaptive,90,10240,0,69,0.12
adaptive,90,10240,0,70,0.135
adaptive,90,10240,0,71,0.122
adaptive,90,10240,0,72,0.126
adaptive,90,10240,0,73,0.122
adaptive,90,10240,0,74,0.122
adaptive,90,10240,0,75,0.122
adaptive,90,10240,0,76,0.122
adaptive,90,10240,0,77,0.128
adaptive,90,10240,0,78,0.129
adaptive,90,10240,0,79,0.132
adaptive,90,10240,0,80,0.122
adaptive,90,10240,0,81,0.118
adaptive,90,10240,0,82,0.118
adaptive,90,10240,0,83,0.118
adaptive,90,10240,0,84,0.122
adaptive,90,10240,0,85,0.12
adaptive,90,10240,0,86,0.123
adaptive,90,10240,0,87,0.118
adaptive,90,10240,0,88,0.116
adaptive,90,10240,0,89,0.117
adaptive,90,10240,0,90,0.116
adaptive,90,10240,0,91,0.122
adaptive,90,10240,0,92,0.118
adaptive,90,10240,0,93,0.12
adaptive,90,10240,0,94,0.12
adaptive,90,10240,0,95,0.116
adaptive,90,10240,0,96,0.116
adaptive,90,10240,0,97,0.132
adaptive,90,10240,0,98,0.121
adaptive,90,10240,0,99,0.118
adaptive,90,1048576,0,0,9.547
adaptive,90,1048576,0,1,9.53
adaptive,90,1048576,0,2,9.576
adaptive,90,1048576,0,3,9.768
adaptive,90,1048576,0,4,10.874
adaptive,90,1048576,0,5,3.458
adaptive,90,1048576,0,6,2.087
adaptive,90,1048576,0,7,2.969
adaptive,90,1048576,0,8,2.759
adaptive,90,1048576,0,9,2.337
adaptive,90,1048576,0,10,2.212
adaptive,90,1048576,0,11,2.395
adaptive,90,1048576,0,12,2.186
adaptive,90,1048576,0,13,2.317
adaptive,90,1048576,0,14,2.22
adaptive,90,1048576,0,15,2.324
adaptive,90,1048576,0,16,2.389
adaptive,90,1048576,0,17,2.587
adaptive,90,1048576,0,18,2.837
adaptive,90,1048576,0,19,2.099
adaptive,90,1048576,0,20,2.173
adaptive,90,1048576,0,21,2.149
adaptive,90,1048576,0,22,2.287
adaptive,90,1048576,0,23,2.195
adaptive,90,1048576,0,24,2.232
adaptive,90,1048576,0,25,2.157
adaptive,90,1048576,0,26,2.343
adaptive,90,1048576,0,27,2.171
adaptive,90,1048576,0,28,2.123
adaptive,90,1048576,0,29,2.198
adaptive,90,1048576,0,30,2.265
adaptive,90,1048576,0,31,2.14
adaptive,90,1048576,0,32,2.402
adaptive,90,1048576,0,33,2.738
adaptive,90,1048576,0,34,2.095
adaptive,90,1048576,0,35,2.237
adaptive,90,1048576,0,36,2.424
adaptive,90,1048576,0,37,3.121
adaptive,90,1048576,0,38,2.423
adaptive,90,1048576,0,39,2.557
adaptive,90,1048576,0,40,2.358
adaptive,90,1048576,0,41,3.216
adaptive,90,1048576,0,42,2.187
adaptive,90,1048576,0,43,2.466
adaptive,90,1048576,0,44,3.362
adaptive,90,1048576,0,45,2.787
adaptive,90,1048576,0,46,3.01
adaptive,90,1048576,0,47,3.436
adaptive,90,1048576,0,48,2.523
adaptive,90,1048576,0,49,2.043
adaptive,90,1048576,0,50,2.409
adaptive,90,1048576,0,51,2.206
adaptive,90,1048576,0,52,2.155
adaptive,90,1048576,0,53,2.266
adaptive,90,1048576,0,54,2.453
adaptive,90,1048576,0,55,2.308
adaptive,90,1048576,0,56,2.359
adaptive,90,1048576,0,57,2.067
adaptive,90,1048576,0,58,2.316
adaptive,90,1048576,0,59,2.31
adaptive,90,1048576,0,60,2.229
adaptive,90,1048576,0,61,2.828
adaptive,90,1048576,0,62,2.456
adaptive,90,1048576,0,63,2.463
adaptive,90,1048576,0,64,2.676
adaptive,90,1048576,0,65,2.626
adaptive,90,1048576,0,66,2.763
adaptive,90,1048576,0,67,2.377
adaptive,90,1048576,0,68,2.189
adaptive,90,1048576,0,69,2.34
adaptive,90,1048576,0,70,2.189
adaptive,90,1048576,0,71,2.347
adaptive,90,1048576,0,72,2.256
adaptive,90,1048576,0,73,2.311
adaptive,90,1048576,0,74,2.109
adaptive,90,1048576,0,75,2.451
adaptive,90,1048576,0,76,2.289
adaptive,90,1048576,0,77,2.298
adaptive,90,1048576,0,78,2.304
adaptive,90,1048576,0,79,2.378
adaptive,90,1048576,0,80,2.281
adaptive,90,1048576,0,81,2.485
adaptive,90,1048576,0,82,2.278
adaptive,90,1048576,0,83,2.249
adaptive,90,1048576,0,84,2.208
adaptive,90,1048576,0,85,2.199
adaptive,90,1048576,0,86,2.337
adaptive,90,1048576,0,87,2.227
adaptive,90,1048576,0,88,2.223
adaptive,90,1048576,0,89,2.167
adaptive,90,1048576,0,90,2.102
adaptive,90,1048576,0,91,2.306
adaptive,90,1048576,0,92,2.276
adaptive,90,1048576,0,93,2.254
adaptive,90,1048576,0,94,2.286
adaptive,90,1048576,0,95,2.212
adaptive,90,1048576,0,96,2.201
adaptive,90,1048576,0,97,2.285
adaptive,90,1048576,0,98,2.113
adaptive,90,1048576,0,99,2.406
adaptive,90,10240,1,0,0.424
adaptive,90,10240,1,1,0.159
adaptive,90,10240,1,2,0.155
adaptive,90,10240,1,3,0.148
adaptive,90,10240,1,4,0.141
adaptive,90,10240,1,5,0.137
adaptive,90,10240,1,6,0.135
adaptive,90,10240,1,7,0.136
adaptive,90,10240,1,8,0.134
adaptive,90,10240,1,9,0.14
adaptive,90,10240,1,10,0.138
adaptive,90,10240,1,11,0.139
adaptive,90,10240,1,12,0.146
adaptive,90,10240,1,13,0.135
adaptive,90,10240,1,14,0.134
adaptive,90,10240,1,15,0.134
adaptive,90,10240,1,16,0.133
adaptive,90,10240,1,17,0.134
adaptive,90,10240,1,18,0.141
adaptive,90,10240,1,19,0.135
adaptive,90,10240,1,20,0.134
adaptive,90,10240,1,21,0.134
adaptive,90,10240,1,22,0.135
adaptive,90,10240,1,23,0.135
adaptive,90,10240,1,24,0.143
adaptive,90,10240,1,25,0.135
adaptive,90,10240,1,26,0.134
adaptive,90,10240,1,27,0.134
adaptive,90,10240,1,28,0.133
adaptive,90,10240,1,29,0.133
adaptive,90,10240,1,30,0.135
adaptive,90,10240,1,31,0.138
adaptive,90,10240,1,32,0.138
adaptive,90,10240,1,33,0.135
adaptive,90,10240,1,34,0.144
adaptive,90,10240,1,35,0.138
adaptive,90,10240,1,36,0.135
adaptive,90,10240,1,37,0.134
adaptive,90,10240,1,38,0.134
adaptive,90,10240,1,39,0.133
adaptive,90,10240,1,40,0.133
adaptive,90,10240,1,41,0.133
adaptive,90,10240,1,42,0.136
adaptive,90,10240,1,43,0.133
adaptive,90,10240,1,44,0.133
adaptive,90,10240,1,45,0.133
adaptive,90,10240,1,46,0.133
adaptive,90,10240,1,47,0.133
adaptive,90,10240,1,48,0.134
adaptive,90,10240,1,49,0.133
adaptive,90,10240,1,50,0.133
adaptive,90,10240,1,51,0.134
adaptive,90,10240,1,52,0.133
adaptive,90,10240,1,53,0.133
adaptive,90,10240,1,54,0.138
adaptive,90,10240,1,55,0.136
adaptive,90,10240,1,56,0.135
adaptive,90,10240,1,57,0.135
adaptive,90,10240,1,58,0.138
adaptive,90,10240,1,59,0.135
adaptive,90,10240,1,60,0.135
adaptive,90,10240,1,61,0.135
adaptive,90,10240,1,62,0.135
adaptive,90,10240,1,63,0.135
adaptive,90,10240,1,64,0.136
adaptive,90,10240,1,65,0.134
adaptive,90,10240,1,66,0.135
adaptive,90,10240,1,67,0.135
adaptive,90,10240,1,68,0.133
adaptive,90,10240,1,69,0.133
adaptive,90,10240,1,70,0.133
adaptive,90,10240,1,71,0.134
adaptive,90,10240,1,72,0.134
adaptive,90,10240,1,73,0.134
adaptive,90,10240,1,74,0.134
adaptive,90,10240,1,75,0.134
adaptive,90,10240,1,76,0.147
adaptive,90,10240,1,77,0.134
adaptive,90,10240,1,78,0.138
adaptive,90,10240,1,79,0.135
adaptive,90,10240,1,80,0.134
adaptive,90,10240,1,81,0.134
adaptive,90,10240,1,82,0.133
adaptive,90,10240,1,83,0.137
adaptive,90,10240,1,84,0.136
adaptive,90,10240,1,85,0.136
adaptive,90,10240,1,86,0.134
adaptive,90,10240,1,87,0.134
adaptive,90,10240,1,88,0.134
adaptive,90,10240,1,89,0.145
adaptive,90,10240,1,90,0.134
adaptive,90,10240,1,91,0.139
adaptive,90,10240,1,92,0.135
adaptive,90,10240,1,93,0.134
adaptive,90,10240,1,94,0.134
adaptive,90,10240,1,95,0.154
adaptive,90,10240,1,96,0.135
adaptive,90,10240,1,97,0.134
adaptive,90,10240,1,98,0.135
adaptive,90,10240,1,99,0.134
adaptive,90,1048576,1,0,10.606
adaptive,90,1048576,1,1,11.238
adaptive,90,1048576,1,2,10.967
adaptive,90,1048576,1,3,11.741
adaptive,90,1048576,1,4,10.773
adaptive,90,1048576,1,5,10.854
adaptive,90,1048576,1,6,10.651
adaptive,90,1048576,1,7,13.853
adaptive,90,1048576,1,8,10.605
adaptive,90,1048576,1,9,10.675
adaptive,90,1048576,1,10,10.538
adaptive,90,1048576,1,11,10.598
adaptive,90,1048576,1,12,10.589
adaptive,90,1048576,1,13,10.583
adaptive,90,1048576,1,14,10.686
adaptive,90,1048576,1,15,10.827
adaptive,90,1048576,1,16,10.774
adaptive,90,1048576,1,17,10.62
adaptive,90,1048576,1,18,10.55
adaptive,90,1048576,1,19,10.664
adaptive,90,1048576,1,20,10.795
adaptive,90,1048576,1,21,10.607
adaptive,90,1048576,1,22,10.56
adaptive,90,1048576,1,23,10.597
adaptive,90,1048576,1,24,10.713
adaptive,90,1048576,1,25,11.493
adaptive,90,1048576,1,26,12.409
adaptive,90,1048576,1,27,10.998
adaptive,90,1048576,1,28,10.876
adaptive,90,1048576,1,29,11.53
adaptive,90,1048576,1,30,11.607
adaptive,90,1048576,1,31,10.758
adaptive,90,1048576,1,32,11.861
adaptive,90,1048576,1,33,11.106
adaptive,90,1048576,1,34,10.586
adaptive,90,1048576,1,35,10.725
adaptive,90,1048576,1,36,10.659
adaptive,90,1048576,1,37,11.433
adaptive,90,1048576,1,38,10.607
adaptive,90,1048576,1,39,10.832
adaptive,90,1048576,1,40,10.644
adaptive,90,1048576,1,41,10.561
adaptive,90,1048576,1,42,10.675
adaptive,90,1048576,1,43,10.881
adaptive,90,1048576,1,44,10.855
adaptive,90,1048576,1,45,10.86
adaptive,90,1048576,1,46,10.727
adaptive,90,1048576,1,47,12.889
adaptive,90,1048576,1,48,13.213
adaptive,90,1048576,1,49,13.636
adaptive,90,1048576,1,50,10.656
adaptive,90,1048576,1,51,10.576
adaptive,90,1048576,1,52,10.549
adaptive,90,1048576,1,53,10.612
adaptive,90,1048576,1,54,10.611
adaptive,90,1048576,1,55,10.749
adaptive,90,1048576,1,56,11.303
adaptive,90,1048576,1,57,11.34
adaptive,90,1048576,1,58,14.117
adaptive,90,1048576,1,59,10.961
adaptive,90,1048576,1,60,13.91
adaptive,90,1048576,1,61,10.873
adaptive,90,1048576,1,62,14.253
adaptive,90,1048576,1,63,10.959
adaptive,90,1048576,1,64,10.631
adaptive,90,1048576,1,65,11.161
adaptive,90,1048576,1,66,10.68
adaptive,90,1048576,1,67,10.758
adaptive,90,1048576,1,68,10.607
adaptive,90,1048576,1,69,13.383
adaptive,90,1048576,1,70,10.606
adaptive,90,1048576,1,71,10.533
adaptive,90,1048576,1,72,10.56
adaptive,90,1048576,1,73,10.577
adaptive,90,1048576,1,74,10.563
adaptive,90,1048576,1,75,10.54
adaptive,90,1048576,1,76,10.696
adaptive,90,1048576,1,77,11.012
adaptive,90,1048576,1,78,10.788
adaptive,90,1048576,1,79,10.787
adaptive,90,1048576,1,80,10.681
adaptive,90,1048576,1,81,10.58
adaptive,90,1048576,1,82,10.654
adaptive,90,1048576,1,83,13.583
adaptive,90,1048576,1,84,10.623
adaptive,90,1048576,1,85,10.61
adaptive,90,1048576,1,86,10.6
adaptive,90,1048576,1,87,10.595
adaptive,90,1048576,1,88,10.548
adaptive,90,1048576,1,89,10.669
adaptive,90,1048576,1,90,10.735
adaptive,90,1048576,1,91,11.604
adaptive,90,1048576,1,92,10.692
adaptive,90,1048576,1,93,10.978
adaptive,90,1048576,1,94,10.696
adaptive,90,1048576,1,95,10.657
adaptive,90,1048576,1,96,10.649
adaptive,90,1048576,1,97,11.353
adaptive,90,1048576,1,98,11.423
adaptive,90,1048576,1,99,10.713
adaptive,90,10240,2,0,0.794
adaptive,90,10240,2,1,0.62
adaptive,90,10240,2,2,0.168
adaptive,90,10240,2,3,0.147
adaptive,90,10240,2,4,0.142
adaptive,90,10240,2,5,0.133
adaptive,90,10240,2,6,0.14
adaptive,90,10240,2,7,0.137
adaptive,90,10240,2,8,0.137
adaptive,90,10240,2,9,0.154
adaptive,90,10240,2,10,0.142
adaptive,90,10240,2,11,0.158
adaptive,90,10240,2,12,0.173
adaptive,90,10240,2,13,0.136
adaptive,90,10240,2,14,0.13
adaptive,90,10240,2,15,0.147
adaptive,90,10240,2,16,0.14
adaptive,90,10240,2,17,0.147
adaptive,90,10240,2,18,0.137
adaptive,90,10240,2,19,0.136
adaptive,90,10240,2,20,0.136
adaptive,90,10240,2,21,0.139
adaptive,90,10240,2,22,0.169
adaptive,90,10240,2,23,0.155
adaptive,90,10240,2,24,0.133
adaptive,90,10240,2,25,0.13
adaptive,90,10240,2,26,0.129
adaptive,90,10240,2,27,0.128
adaptive,90,10240,2,28,0.133
adaptive,90,10240,2,29,0.129
adaptive,90,10240,2,30,0.128
adaptive,90,10240,2,31,0.155
adaptive,90,10240,2,32,0.136
adaptive,90,10240,2,33,0.15
adaptive,90,10240,2,34,0.153
adaptive,90,10240,2,35,0.174
adaptive,90,10240,2,36,0.132
adaptive,90,10240,2,37,0.129
adaptive,90,10240,2,38,0.167
adaptive,90,10240,2,39,0.282
adaptive,90,10240,2,40,0.174
adaptive,90,10240,2,41,0.139
adaptive,90,10240,2,42,0.132
adaptive,90,10240,2,43,0.13
adaptive,90,10240,2,44,0.175
adaptive,90,10240,2,45,0.142
adaptive,90,10240,2,46,0.131
adaptive,90,10240,2,47,0.13
adaptive,90,10240,2,48,0.129
adaptive,90,10240,2,49,0.149
adaptive,90,10240,2,50,0.13
adaptive,90,10240,2,51,0.128
adaptive,90,10240,2,52,0.129
adaptive,90,10240,2,53,0.128
adaptive,90,10240,2,54,0.136
adaptive,90,10240,2,55,0.169
adaptive,90,10240,2,56,0.145
adaptive,90,10240,2,57,0.139
adaptive,90,10240,2,58,0.138
adaptive,90,10240,2,59,0.137
adaptive,90,10240,2,60,0.135
adaptive,90,10240,2,61,0.135
adaptive,90,10240,2,62,0.139
adaptive,90,10240,2,63,0.158
adaptive,90,10240,2,64,0.137
adaptive,90,10240,2,65,0.135
adaptive,90,10240,2,66,0.134
adaptive,90,10240,2,67,0.145
adaptive,90,10240,2,68,0.153
adaptive,90,10240,2,69,0.132
adaptive,90,10240,2,70,0.129
adaptive,90,10240,2,71,0.129
adaptive,90,10240,2,72,0.145
adaptive,90,10240,2,73,0.131
adaptive,90,10240,2,74,0.128
adaptive,90,10240,2,75,0.128
adaptive,90,10240,2,76,0.129
adaptive,90,10240,2,77,0.128
adaptive,90,10240,2,78,0.158
adaptive,90,10240,2,79,0.161
adaptive,90,10240,2,80,0.156
adaptive,90,10240,2,81,0.147
adaptive,90,10240,2,82,0.132
adaptive,90,10240,2,83,0.129
adaptive,90,10240,2,84,0.134
adaptive,90,10240,2,85,0.137
adaptive,90,10240,2,86,0.148
adaptive,90,10240,2,87,0.138
adaptive,90,10240,2,88,0.134
adaptive,90,10240,2,89,0.136
adaptive,90,10240,2,90,0.139
adaptive,90,10240,2,91,0.131
adaptive,90,10240,2,92,0.131
adaptive,90,10240,2,93,0.145
adaptive,90,10240,2,94,0.132
adaptive,90,10240,2,95,0.146
adaptive,90,10240,2,96,0.13
adaptive,90,10240,2,97,0.134
adaptive,90,10240,2,98,0.134
adaptive,90,10240,2,99,0.134
adaptive,90,1048576,2,0,10.876
adaptive,90,1048576,2,1,11.049
adaptive,90,1048576,2,2,11.53
adaptive,90,1048576,2,3,10.725
adaptive,90,1048576,2,4,10.699
adaptive,90,1048576,2,5,2.355
adaptive,90,1048576,2,6,2.216
adaptive,90,1048576,2,7,2.344
adaptive,90,1048576,2,8,2.089
adaptive,90,1048576,2,9,2.205
adaptive,90,1048576,2,10,2.352
adaptive,90,1048576,2,11,3.323
adaptive,90,1048576,2,12,2.288
adaptive,90,1048576,2,13,2.478
adaptive,90,1048576,2,14,2.416
adaptive,90,1048576,2,15,2.308
adaptive,90,1048576,2,16,2.297
adaptive,90,1048576,2,17,2.313
adaptive,90,1048576,2,18,2.301
adaptive,90,1048576,2,19,2.252
adaptive,90,1048576,2,20,2.177
adaptive,90,1048576,2,21,2.317
adaptive,90,1048576,2,22,2.185
adaptive,90,1048576,2,23,2.178
adaptive,90,1048576,2,24,2.224
adaptive,90,1048576,2,25,2.279
adaptive,90,1048576,2,26,2.279
adaptive,90,1048576,2,27,2.414
adaptive,90,1048576,2,28,2.118
adaptive,90,1048576,2,29,2.282
adaptive,90,1048576,2,30,2.243
adaptive,90,1048576,2,31,2.332
adaptive,90,1048576,2,32,2.495
adaptive,90,1048576,2,33,2.201
adaptive,90,1048576,2,34,2.237
adaptive,90,1048576,2,35,2.175
adaptive,90,1048576,2,36,2.099
adaptive,90,1048576,2,37,2.191
adaptive,90,1048576,2,38,2.172
adaptive,90,1048576,2,39,2.439
adaptive,90,1048576,2,40,2.219
adaptive,90,1048576,2,41,2.31
adaptive,90,1048576,2,42,2.819
adaptive,90,1048576,2,43,2.397
adaptive,90,1048576,2,44,2.184
adaptive,90,1048576,2,45,2.17
adaptive,90,1048576,2,46,2.157
adaptive,90,1048576,2,47,2.256
adaptive,90,1048576,2,48,2.099
adaptive,90,1048576,2,49,2.518
adaptive,90,1048576,2,50,2.161
adaptive,90,1048576,2,51,2.4
adaptive,90,1048576,2,52,2.431
adaptive,90,1048576,2,53,2.426
adaptive,90,1048576,2,54,3.268
adaptive,90,1048576,2,55,2.315
adaptive,90,1048576,2,56,2.176
adaptive,90,1048576,2,57,2.394
adaptive,90,1048576,2,58,2.391
adaptive,90,1048576,2,59,2.359
adaptive,90,1048576,2,60,2.332
adaptive,90,1048576,2,61,3.038
adaptive,90,1048576,2,62,2.443
adaptive,90,1048576,2,63,2.339
adaptive,90,1048576,2,64,2.045
adaptive,90,1048576,2,65,2.315
adaptive,90,1048576,2,66,2.26
adaptive,90,1048576,2,67,2.288
adaptive,90,1048576,2,68,2.415
adaptive,90,1048576,2,69,3.053
adaptive,90,1048576,2,70,2.173
adaptive,90,1048576,2,71,2.179
adaptive,90,1048576,2,72,2.352
adaptive,90,1048576,2,73,2.34
adaptive,90,1048576,2,74,2.287
adaptive,90,1048576,2,75,2.282
adaptive,90,1048576,2,76,2.201
adaptive,90,1048576,2,77,2.291
adaptive,90,1048576,2,78,2.447
adaptive,90,1048576,2,79,2.341
adaptive,90,1048576,2,80,2.345
adaptive,90,1048576,2,81,2.22
adaptive,90,1048576,2,82,2.449
adaptive,90,1048576,2,83,2.236
adaptive,90,1048576,2,84,2.081
adaptive,90,1048576,2,85,2.409
adaptive,90,1048576,2,86,2.14
adaptive,90,1048576,2,87,2.472
adaptive,90,1048576,2,88,2.376
adaptive,90,1048576,2,89,2.383
adaptive,90,1048576,2,90,2.402
adaptive,90,1048576,2,91,2.185
adaptive,90,1048576,2,92,2.176
adaptive,90,1048576,2,93,2.245
adaptive,90,1048576,2,94,2.417
adaptive,90,1048576,2,95,2.223
adaptive,90,1048576,2,96,2.221
adaptive,90,1048576,2,97,2.524
adaptive,90,1048576,2,98,2.265
adaptive,90,1048576,2,99,2.172
native,90,10240,0,0,0.092
native,90,10240,0,1,0.047
native,90,10240,0,2,0.026
native,90,10240,0,3,0.031
native,90,10240,0,4,0.036
native,90,10240,0,5,0.032
native,90,10240,0,6,0.024
native,90,10240,0,7,0.022
native,90,10240,0,8,0.03
native,90,10240,0,9,0.04
native,90,10240,0,10,0.038
native,90,10240,0,11,0.027
native,90,10240,0,12,0.037
native,90,10240,0,13,0.023
native,90,10240,0,14,0.021
native,90,10240,0,15,0.021
native,90,10240,0,16,0.021
native,90,10240,0,17,0.02
native,90,10240,0,18,0.021
native,90,10240,0,19,0.02
native,90,10240,0,20,0.02
native,90,10240,0,21,0.02
native,90,10240,0,22,0.021
native,90,10240,0,23,0.02
native,90,10240,0,24,0.02
native,90,10240,0,25,0.021
native,90,10240,0,26,0.02
native,90,10240,0,27,0.021
native,90,10240,0,28,0.021
native,90,10240,0,29,0.021
native,90,10240,0,30,0.02
native,90,10240,0,31,0.02
native,90,10240,0,32,0.02
native,90,10240,0,33,0.02
native,90,10240,0,34,0.02
native,90,10240,0,35,0.021
native,90,10240,0,36,0.02
native,90,10240,0,37,0.02
native,90,10240,0,38,0.024
native,90,10240,0,39,0.023
native,90,10240,0,40,0.021
native,90,10240,0,41,0.021
native,90,10240,0,42,0.021
native,90,10240,0,43,0.021
native,90,10240,0,44,0.021
native,90,10240,0,45,0.02
native,90,10240,0,46,0.02
native,90,10240,0,47,0.02
native,90,10240,0,48,0.02
native,90,10240,0,49,0.02
native,90,10240,0,50,0.021
native,90,10240,0,51,0.021
native,90,10240,0,52,0.021
native,90,10240,0,53,0.021
native,90,10240,0,54,0.028
native,90,10240,0,55,0.023
native,90,10240,0,56,0.024
native,90,10240,0,57,0.022
native,90,10240,0,58,0.021
native,90,10240,0,59,0.023
native,90,10240,0,60,0.021
native,90,10240,0,61,0.021
native,90,10240,0,62,0.02
native,90,10240,0,63,0.029
native,90,10240,0,64,0.023
native,90,10240,0,65,0.021
native,90,10240,0,66,0.021
native,90,10240,0,67,0.021
native,90,10240,0,68,0.021
native,90,10240,0,69,0.021
native,90,10240,0,70,0.021
native,90,10240,0,71,0.021
native,90,10240,0,72,0.02
native,90,10240,0,73,0.021
native,90,10240,0,74,0.021
native,90,10240,0,75,0.02
native,90,10240,0,76,0.021
native,90,10240,0,77,0.02
native,90,10240,0,78,0.02
native,90,10240,0,79,0.021
native,90,10240,0,80,0.02
native,90,10240,0,81,0.02
native,90,10240,0,82,0.02
native,90,10240,0,83,0.02
native,90,10240,0,84,0.021
native,90,10240,0,85,0.021
native,90,10240,0,86,0.024
native,90,10240,0,87,0.022
native,90,10240,0,88,0.02
native,90,10240,0,89,0.037
native,90,10240,0,90,0.029
native,90,10240,0,91,0.038
native,90,10240,0,92,0.04
native,90,10240,0,93,0.036
native,90,10240,0,94,0.038
native,90,10240,0,95,0.032
native,90,10240,0,96,0.032
native,90,10240,0,97,0.033
native,90,10240,0,98,0.038
native,90,10240,0,99,0.041
native,90,1048576,0,0,1.373
native,90,1048576,0,1,1.341
native,90,1048576,0,2,1.32
native,90,1048576,0,3,1.29
native,90,1048576,0,4,1.275
native,90,1048576,0,5,1.314
native,90,1048576,0,6,1.292
native,90,1048576,0,7,1.28
native,90,1048576,0,8,1.263
native,90,1048576,0,9,1.308
native,90,1048576,0,10,1.276
native,90,1048576,0,11,1.293
native,90,1048576,0,12,1.249
native,90,1048576,0,13,1.298
native,90,1048576,0,14,1.26
native,90,1048576,0,15,1.276
native,90,1048576,0,16,1.27
native,90,1048576,0,17,1.27
native,90,1048576,0,18,1.251
native,90,1048576,0,19,1.283
native,90,1048576,0,20,1.313
native,90,1048576,0,21,1.264
native,90,1048576,0,22,1.253
native,90,1048576,0,23,1.248
native,90,1048576,0,24,1.256
native,90,1048576,0,25,1.251
native,90,1048576,0,26,1.294
native,90,1048576,0,27,1.277
native,90,1048576,0,28,1.31
native,90,1048576,0,29,1.248
native,90,1048576,0,30,1.257
native,90,1048576,0,31,1.293
native,90,1048576,0,32,1.243
native,90,1048576,0,33,1.252
native,90,1048576,0,34,1.241
native,90,1048576,0,35,1.28
native,90,1048576,0,36,2.079
native,90,1048576,0,37,1.301
native,90,1048576,0,38,1.266
native,90,1048576,0,39,1.285
native,90,1048576,0,40,1.276
native,90,1048576,0,41,1.265
native,90,1048576,0,42,1.294
native,90,1048576,0,43,1.255
native,90,1048576,0,44,1.308
native,90,1048576,0,45,1.294
native,90,1048576,0,46,1.306
native,90,1048576,0,47,1.322
native,90,1048576,0,48,1.291
native,90,1048576,0,49,1.298
native,90,1048576,0,50,1.285
native,90,1048576,0,51,1.271
native,90,1048576,0,52,1.254
native,90,1048576,0,53,1.294
native,90,1048576,0,54,1.323
native,90,1048576,0,55,1.27
native,90,1048576,0,56,1.291
native,90,1048576,0,57,1.291
native,90,1048576,0,58,1.255
native,90,1048576,0,59,1.27
native,90,1048576,0,60,1.27
native,90,1048576,0,61,1.261
native,90,1048576,0,62,1.843
native,90,1048576,0,63,1.309
native,90,1048576,0,64,1.291
native,90,1048576,0,65,1.293
native,90,1048576,0,66,1.282
native,90,1048576,0,67,1.307
native,90,1048576,0,68,1.288
native,90,1048576,0,69,1.335
native,90,1048576,0,70,1.272
native,90,1048576,0,71,1.299
native,90,1048576,0,72,1.33
native,90,1048576,0,73,1.334
native,90,1048576,0,74,1.346
native,90,1048576,0,75,1.268
native,90,1048576,0,76,1.393
native,90,1048576,0,77,1.286
native,90,1048576,0,78,1.272
native,90,1048576,0,79,1.33
native,90,1048576,0,80,1.397
native,90,1048576,0,81,1.302
native,90,1048576,0,82,1.276
native,90,1048576,0,83,1.326
native,90,1048576,0,84,1.288
native,90,1048576,0,85,1.277
native,90,1048576,0,86,1.361
native,90,1048576,0,87,1.292
native,90,1048576,0,88,1.39
native,90,1048576,0,89,1.615
native,90,1048576,0,90,1.298
native,90,1048576,0,91,1.334
native,90,1048576,0,92,1.278
native,90,1048576,0,93,1.252
native,90,1048576,0,94,1.307
native,90,1048576,0,95,1.293
native,90,1048576,0,96,1.312
native,90,1048576,0,97,1.316
native,90,1048576,0,98,1.271
native,90,1048576,0,99,1.298
native,90,10240,1,0,0.089
native,90,10240,1,1,0.03
native,90,10240,1,2,0.022
native,90,10240,1,3,0.021
native,90,10240,1,4,0.021
native,90,10240,1,5,0.021
native,90,10240,1,6,0.021
native,90,10240,1,7,0.02
native,90,10240,1,8,0.021
native,90,10240,1,9,0.02
native,90,10240,1,10,0.022
native,90,10240,1,11,0.021
native,90,10240,1,12,0.02
native,90,10240,1,13,0.023
native,90,10240,1,14,0.021
native,90,10240,1,15,0.021
native,90,10240,1,16,0.02
native,90,10240,1,17,0.022
native,90,10240,1,18,0.021
native,90,10240,1,19,0.021
native,90,10240,1,20,0.021
native,90,10240,1,21,0.021
native,90,10240,1,22,0.023
native,90,10240,1,23,0.022
native,90,10240,1,24,0.021
native,90,10240,1,25,0.021
native,90,10240,1,26,0.021
native,90,10240,1,27,0.021
native,90,10240,1,28,0.021
native,90,10240,1,29,0.021
native,90,10240,1,30,0.021
native,90,10240,1,31,0.021
native,90,10240,1,32,0.021
native,90,10240,1,33,0.021
native,90,10240,1,34,0.021
native,90,10240,1,35,0.021
native,90,10240,1,36,0.021
native,90,10240,1,37,0.021
native,90,10240,1,38,0.021
native,90,10240,1,39,0.021
native,90,10240,1,40,0.021
native,90,10240,1,41,0.021
native,90,10240,1,42,0.021
native,90,10240,1,43,0.021
native,90,10240,1,44,0.021
native,90,10240,1,45,0.021
native,90,10240,1,46,0.021
native,90,10240,1,47,0.021
native,90,10240,1,48,0.021
native,90,10240,1,49,0.021
native,90,10240,1,50,0.021
native,90,10240,1,51,0.021
native,90,10240,1,52,0.021
native,90,10240,1,53,0.021
native,90,10240,1,54,0.021
native,90,10240,1,55,0.021
native,90,10240,1,56,0.021
native,90,10240,1,57,0.021
native,90,10240,1,58,0.021
native,90,10240,1,59,0.021
native,90,10240,1,60,0.021
native,90,10240,1,61,0.021
native,90,10240,1,62,0.021
native,90,10240,1,63,0.021
native,90,10240,1,64,0.021
native,90,10240,1,65,0.021
native,90,10240,1,66,0.021
native,90,10240,1,67,0.021
native,90,10240,1,68,0.021
native,90,10240,1,69,0.021
native,90,10240,1,70,0.021
native,90,10240,1,71,0.021
native,90,10240,1,72,0.021
native,90,10240,1,73,0.021
native,90,10240,1,74,0.021
native,90,10240,1,75,0.021
native,90,10240,1,76,0.021
native,90,10240,1,77,0.021
native,90,10240,1,78,0.021
native,90,10240,1,79,0.029
native,90,10240,1,80,0.022
native,90,10240,1,81,0.022
native,90,10240,1,82,0.021
native,90,10240,1,83,0.021
native,90,10240,1,84,0.021
native,90,10240,1,85,0.021
native,90,10240,1,86,0.021
native,90,10240,1,87,0.021
native,90,10240,1,88,0.021
native,90,10240,1,89,0.021
native,90,10240,1,90,0.021
native,90,10240,1,91,0.021
native,90,10240,1,92,0.021
native,90,10240,1,93,0.021
native,90,10240,1,94,0.021
native,90,10240,1,95,0.021
native,90,10240,1,96,0.021
native,90,10240,1,97,0.021
native,90,10240,1,98,0.021
native,90,10240,1,99,0.021
native,90,1048576,1,0,1.331
native,90,1048576,1,1,1.335
native,90,1048576,1,2,1.301
native,90,1048576,1,3,1.265
native,90,1048576,1,4,1.268
native,90,1048576,1,5,1.306
native,90,1048576,1,6,1.262
native,90,1048576,1,7,1.264
native,90,1048576,1,8,1.269
native,90,1048576,1,9,1.276
native,90,1048576,1,10,1.272
native,90,1048576,1,11,1.312
native,90,1048576,1,12,1.245
native,90,1048576,1,13,1.262
native,90,1048576,1,14,1.418
native,90,1048576,1,15,1.299
native,90,1048576,1,16,1.311
native,90,1048576,1,17,1.299
native,90,1048576,1,18,1.301
native,90,1048576,1,19,1.317
native,90,1048576,1,20,1.264
native,90,1048576,1,21,1.318
native,90,1048576,1,22,1.267
native,90,1048576,1,23,1.265
native,90,1048576,1,24,1.267
native,90,1048576,1,25,1.259
native,90,1048576,1,26,1.314
native,90,1048576,1,27,1.347
native,90,1048576,1,28,1.395
native,90,1048576,1,29,1.34
native,90,1048576,1,30,1.292
native,90,1048576,1,31,1.325
native,90,1048576,1,32,1.291
native,90,1048576,1,33,1.278
native,90,1048576,1,34,1.269
native,90,1048576,1,35,1.259
native,90,1048576,1,36,1.268
native,90,1048576,1,37,1.244
native,90,1048576,1,38,1.282
native,90,1048576,1,39,1.251
native,90,1048576,1,40,1.303
native,90,1048576,1,41,1.272
native,90,1048576,1,42,1.311
native,90,1048576,1,43,1.297
native,90,1048576,1,44,1.275
native,90,1048576,1,45,1.263
native,90,1048576,1,46,1.327
native,90,1048576,1,47,1.258
native,90,1048576,1,48,1.299
native,90,1048576,1,49,1.264
native,90,1048576,1,50,1.318
native,90,1048576,1,51,1.275
native,90,1048576,1,52,1.254
native,90,1048576,1,53,1.327
native,90,1048576,1,54,1.288
native,90,1048576,1,55,1.291
native,90,1048576,1,56,1.286
native,90,1048576,1,57,1.404
native,90,1048576,1,58,1.263
native,90,1048576,1,59,1.337
native,90,1048576,1,60,1.28
native,90,1048576,1,61,1.299
native,90,1048576,1,62,1.278
native,90,1048576,1,63,1.338
native,90,1048576,1,64,1.296
native,90,1048576,1,65,1.288
native,90,1048576,1,66,1.315
native,90,1048576,1,67,1.31
native,90,1048576,1,68,1.835
native,90,1048576,1,69,1.28
native,90,1048576,1,70,1.334
native,90,1048576,1,71,1.265
native,90,1048576,1,72,1.289
native,90,1048576,1,73,1.258
native,90,1048576,1,74,1.248
native,90,1048576,1,75,1.287
native,90,1048576,1,76,1.279
native,90,1048576,1,77,1.273
native,90,1048576,1,78,1.281
native,90,1048576,1,79,1.262
native,90,1048576,1,80,1.257
native,90,1048576,1,81,1.252
native,90,1048576,1,82,1.264
native,90,1048576,1,83,1.27
native,90,1048576,1,84,1.264
native,90,1048576,1,85,1.268
native,90,1048576,1,86,1.319
native,90,1048576,1,87,1.28
native,90,1048576,1,88,1.262
native,90,1048576,1,89,1.251
native,90,1048576,1,90,1.257
native,90,1048576,1,91,1.304
native,90,1048576,1,92,1.263
native,90,1048576,1,93,1.273
native,90,1048576,1,94,1.288
native,90,1048576,1,95,1.266
native,90,1048576,1,96,1.275
native,90,1048576,1,97,1.333
native,90,1048576,1,98,1.479
native,90,1048576,1,99,1.308
native,90,10240,2,0,0.076
native,90,10240,2,1,0.033
native,90,10240,2,2,0.024
native,90,10240,2,3,0.022
native,90,10240,2,4,0.021
native,90,10240,2,5,0.021
native,90,10240,2,6,0.022
native,90,10240,2,7,0.021
native,90,10240,2,8,0.021
native,90,10240,2,9,0.021
native,90,10240,2,10,0.031
native,90,10240,2,11,0.036
native,90,10240,2,12,0.023
native,90,10240,2,13,0.022
native,90,10240,2,14,0.021
native,90,10240,2,15,0.022
native,90,10240,2,16,0.022
native,90,10240,2,17,0.021
native,90,10240,2,18,0.034
native,90,10240,2,19,0.035
native,90,10240,2,20,0.047
native,90,10240,2,21,0.028
native,90,10240,2,22,0.022
native,90,10240,2,23,0.022
native,90,10240,2,24,0.026
native,90,10240,2,25,0.027
native,90,10240,2,26,0.022
native,90,10240,2,27,0.022
native,90,10240,2,28,0.023
native,90,10240,2,29,0.021
native,90,10240,2,30,0.021
native,90,10240,2,31,0.021
native,90,10240,2,32,0.021
native,90,10240,2,33,0.021
native,90,10240,2,34,0.021
native,90,10240,2,35,0.034
native,90,10240,2,36,0.025
native,90,10240,2,37,0.029
native,90,10240,2,38,0.022
native,90,10240,2,39,0.021
native,90,10240,2,40,0.021
native,90,10240,2,41,0.021
native,90,10240,2,42,0.023
native,90,10240,2,43,0.022
native,90,10240,2,44,0.021
native,90,10240,2,45,0.021
native,90,10240,2,46,0.021
native,90,10240,2,47,0.021
native,90,10240,2,48,0.021
native,90,10240,2,49,0.021
native,90,10240,2,50,0.021
native,90,10240,2,51,0.021
native,90,10240,2,52,0.021
native,90,10240,2,53,0.021
native,90,10240,2,54,0.021
native,90,10240,2,55,0.021
native,90,10240,2,56,0.021
native,90,10240,2,57,0.021
native,90,10240,2,58,0.021
native,90,10240,2,59,0.021
native,90,10240,2,60,0.021
native,90,10240,2,61,0.021
native,90,10240,2,62,0.029
native,90,10240,2,63,0.025
native,90,10240,2,64,0.021
native,90,10240,2,65,0.021
native,90,10240,2,66,0.021
native,90,10240,2,67,0.021
native,90,10240,2,68,0.021
native,90,10240,2,69,0.021
native,90,10240,2,70,0.021
native,90,10240,2,71,0.021
native,90,10240,2,72,0.021
native,90,10240,2,73,0.021
native,90,10240,2,74,0.032
native,90,10240,2,75,0.022
native,90,10240,2,76,0.021
native,90,10240,2,77,0.021
native,90,10240,2,78,0.029
native,90,10240,2,79,0.022
native,90,10240,2,80,0.021
native,90,10240,2,81,0.021
native,90,10240,2,82,0.029
native,90,10240,2,83,0.022
native,90,10240,2,84,0.021
native,90,10240,2,85,0.021
native,90,10240,2,86,0.021
native,90,10240,2,87,0.021
native,90,10240,2,88,0.022
native,90,10240,2,89,0.031
native,90,10240,2,90,0.024
native,90,10240,2,91,0.031
native,90,10240,2,92,0.03
native,90,10240,2,93,0.039
native,90,10240,2,94,0.035
native,90,10240,2,95,0.024
native,90,10240,2,96,0.022
native,90,10240,2,97,0.021
native,90,10240,2,98,0.021
native,90,10240,2,99,0.021
native,90,1048576,2,0,1.404
native,90,1048576,2,1,1.345
native,90,1048576,2,2,1.417
native,90,1048576,2,3,1.328
native,90,1048576,2,4,2.016
native,90,1048576,2,5,1.35
native,90,1048576,2,6,1.326
native,90,1048576,2,7,1.342
native,90,1048576,2,8,1.363
native,90,1048576,2,9,1.312
native,90,1048576,2,10,1.287
native,90,1048576,2,11,1.319
native,90,1048576,2,12,1.353
native,90,1048576,2,13,1.308
native,90,1048576,2,14,1.51
native,90,1048576,2,15,1.298
native,90,1048576,2,16,1.609
native,90,1048576,2,17,1.305
native,90,1048576,2,18,1.351
native,90,1048576,2,19,1.343
native,90,1048576,2,20,1.341
native,90,1048576,2,21,1.315
native,90,1048576,2,22,1.279
native,90,1048576,2,23,1.286
native,90,1048576,2,24,1.267
native,90,1048576,2,25,1.253
native,90,1048576,2,26,1.284
native,90,1048576,2,27,1.275
native,90,1048576,2,28,1.272
native,90,1048576,2,29,1.286
native,90,1048576,2,30,1.346
native,90,1048576,2,31,1.349
native,90,1048576,2,32,1.314
native,90,1048576,2,33,1.276
native,90,1048576,2,34,1.299
native,90,1048576,2,35,1.278
native,90,1048576,2,36,1.304
native,90,1048576,2,37,1.288
native,90,1048576,2,38,1.955
native,90,1048576,2,39,1.922
native,90,1048576,2,40,1.663
native,90,1048576,2,41,1.318
native,90,1048576,2,42,1.332
native,90,1048576,2,43,1.286
native,90,1048576,2,44,1.335
native,90,1048576,2,45,1.304
native,90,1048576,2,46,1.334
native,90,1048576,2,47,1.298
native,90,1048576,2,48,1.37
native,90,1048576,2,49,1.267
native,90,1048576,2,50,1.307
native,90,1048576,2,51,1.301
native,90,1048576,2,52,1.273
native,90,1048576,2,53,1.31
native,90,1048576,2,54,1.324
native,90,1048576,2,55,1.254
native,90,1048576,2,56,1.287
native,90,1048576,2,57,1.303
native,90,1048576,2,58,1.271
native,90,1048576,2,59,1.277
native,90,1048576,2,60,1.299
native,90,1048576,2,61,1.29
native,90,1048576,2,62,1.386
native,90,1048576,2,63,1.255
native,90,1048576,2,64,1.299
native,90,1048576,2,65,1.325
native,90,1048576,2,66,1.323
native,90,1048576,2,67,1.288
native,90,1048576,2,68,1.355
native,90,1048576,2,69,1.313
native,90,1048576,2,70,1.301
native,90,1048576,2,71,1.514
native,90,1048576,2,72,1.315
native,90,1048576,2,73,1.319
native,90,1048576,2,74,1.324
native,90,1048576,2,75,1.265
native,90,1048576,2,76,1.298
native,90,1048576,2,77,1.287
native,90,1048576,2,78,1.271
native,90,1048576,2,79,1.299
native,90,1048576,2,80,1.287
native,90,1048576,2,81,1.27
native,90,1048576,2,82,1.315
native,90,1048576,2,83,1.315
native,90,1048576,2,84,1.318
native,90,1048576,2,85,1.282
native,90,1048576,2,86,1.276
native,90,1048576,2,87,1.295
native,90,1048576,2,88,1.292
native,90,1048576,2,89,1.322
native,90,1048576,2,90,1.333
native,90,1048576,2,91,1.39
native,90,1048576,2,92,1.28
native,90,1048576,2,93,1.372
native,90,1048576,2,94,1.312
native,90,1048576,2,95,1.319
native,90,1048576,2,96,1.296
native,90,1048576,2,97,1.287
native,90,1048576,2,98,1.32
native,90,1048576,2,99,1.304
wasm2c,90,10240,0,0,0.329
wasm2c,90,10240,0,1,0.152
wasm2c,90,10240,0,2,0.171
wasm2c,90,10240,0,3,0.145
wasm2c,90,10240,0,4,0.149
wasm2c,90,10240,0,5,0.149
wasm2c,90,10240,0,6,0.138
wasm2c,90,10240,0,7,0.136
wasm2c,90,10240,0,8,0.133
wasm2c,90,10240,0,9,0.132
wasm2c,90,10240,0,10,0.132
wasm2c,90,10240,0,11,0.131
wasm2c,90,10240,0,12,0.13
wasm2c,90,10240,0,13,0.131
wasm2c,90,10240,0,14,0.145
wasm2c,90,10240,0,15,0.131
wasm2c,90,10240,0,16,0.13
wasm2c,90,10240,0,17,0.13
wasm2c,90,10240,0,18,0.13
wasm2c,90,10240,0,19,0.13
wasm2c,90,10240,0,20,0.13
wasm2c,90,10240,0,21,0.131
wasm2c,90,10240,0,22,0.13
wasm2c,90,10240,0,23,0.13
wasm2c,90,10240,0,24,0.132
wasm2c,90,10240,0,25,0.131
wasm2c,90,10240,0,26,0.131
wasm2c,90,10240,0,27,0.131
wasm2c,90,10240,0,28,0.162
wasm2c,90,10240,0,29,0.14
wasm2c,90,10240,0,30,0.138
wasm2c,90,10240,0,31,0.136
wasm2c,90,10240,0,32,0.151
wasm2c,90,10240,0,33,0.131
wasm2c,90,10240,0,34,0.136
wasm2c,90,10240,0,35,0.13
wasm2c,90,10240,0,36,0.13
wasm2c,90,10240,0,37,0.13
wasm2c,90,10240,0,38,0.13
wasm2c,90,10240,0,39,0.129
wasm2c,90,10240,0,40,0.13
wasm2c,90,10240,0,41,0.136
wasm2c,90,10240,0,42,0.133
wasm2c,90,10240,0,43,0.206
wasm2c,90,10240,0,44,0.22
wasm2c,90,10240,0,45,0.155
wasm2c,90,10240,0,46,0.201
wasm2c,90,10240,0,47,0.218
wasm2c,90,10240,0,48,0.244
wasm2c,90,10240,0,49,0.191
wasm2c,90,10240,0,50,0.133
wasm2c,90,10240,0,51,0.126
wasm2c,90,10240,0,52,0.125
wasm2c,90,10240,0,53,0.125
wasm2c,90,10240,0,54,0.125
wasm2c,90,10240,0,55,0.138
wasm2c,90,10240,0,56,0.126
wasm2c,90,10240,0,57,0.127
wasm2c,90,10240,0,58,0.185
wasm2c,90,10240,0,59,0.176
wasm2c,90,10240,0,60,0.176
wasm2c,90,10240,0,61,0.176
wasm2c,90,10240,0,62,0.178
wasm2c,90,10240,0,63,0.176
wasm2c,90,10240,0,64,0.176
wasm2c,90,10240,0,65,0.162
wasm2c,90,10240,0,66,0.127
wasm2c,90,10240,0,67,0.125
wasm2c,90,10240,0,68,0.125
wasm2c,90,10240,0,69,0.124
wasm2c,90,10240,0,70,0.128
wasm2c,90,10240,0,71,0.125
wasm2c,90,10240,0,72,0.124
wasm2c,90,10240,0,73,0.141
wasm2c,90,10240,0,74,0.142
wasm2c,90,10240,0,75,0.143
wasm2c,90,10240,0,76,0.171
wasm2c,90,10240,0,77,0.134
wasm2c,90,10240,0,78,0.126
wasm2c,90,10240,0,79,0.124
wasm2c,90,10240,0,80,0.124
wasm2c,90,10240,0,81,0.128
wasm2c,90,10240,0,82,0.125
wasm2c,90,10240,0,83,0.126
wasm2c,90,10240,0,84,0.125
wasm2c,90,10240,0,85,0.125
wasm2c,90,10240,0,86,0.124
wasm2c,90,10240,0,87,0.127
wasm2c,90,10240,0,88,0.124
wasm2c,90,10240,0,89,0.125
wasm2c,90,10240,0,90,0.146
wasm2c,90,10240,0,91,0.13
wasm2c,90,10240,0,92,0.182
wasm2c,90,10240,0,93,0.129
wasm2c,90,10240,0,94,0.125
wasm2c,90,10240,0,95,0.125
wasm2c,90,10240,0,96,0.125
wasm2c,90,10240,0,97,0.125
wasm2c,90,10240,0,98,0.125
wasm2c,90,10240,0,99,0.125
wasm2c,90,1048576,0,0,10.842
wasm2c,90,1048576,0,1,11.105
wasm2c,90,1048576,0,2,10.753
wasm2c,90,1048576,0,3,10.689
wasm2c,90,1048576,0,4,11.232
wasm2c,90,1048576,0,5,10.742
wasm2c,90,1048576,0,6,10.62
wasm2c,90,1048576,0,7,10.622
wasm2c,90,1048576,0,8,11.409
wasm2c,90,1048576,0,9,10.954
wasm2c,90,1048576,0,10,10.786
wasm2c,90,1048576,0,11,11.595
wasm2c,90,1048576,0,12,10.835
wasm2c,90,1048576,0,13,11.353
wasm2c,90,1048576,0,14,10.637
wasm2c,90,1048576,0,15,11.731
wasm2c,90,1048576,0,16,10.751
wasm2c,90,1048576,0,17,10.666
wasm2c,90,1048576,0,18,10.665
wasm2c,90,1048576,0,19,10.904
wasm2c,90,1048576,0,20,10.624
wasm2c,90,1048576,0,21,10.7
wasm2c,90,1048576,0,22,10.682
wasm2c,90,1048576,0,23,10.999
wasm2c,90,1048576,0,24,10.694
wasm2c,90,1048576,0,25,10.84
wasm2c,90,1048576,0,26,10.775
wasm2c,90,1048576,0,27,10.816
wasm2c,90,1048576,0,28,11.149
wasm2c,90,1048576,0,29,10.815
wasm2c,90,1048576,0,30,10.827
wasm2c,90,1048576,0,31,10.774
wasm2c,90,1048576,0,32,11.165
wasm2c,90,1048576,0,33,11.299
wasm2c,90,1048576,0,34,10.83
wasm2c,90,1048576,0,35,10.954
wasm2c,90,1048576,0,36,11.299
wasm2c,90,1048576,0,37,11.414
wasm2c,90,1048576,0,38,10.586
wasm2c,90,1048576,0,39,11.025
wasm2c,90,1048576,0,40,10.87
wasm2c,90,1048576,0,41,10.74
wasm2c,90,1048576,0,42,11.625
wasm2c,90,1048576,0,43,10.688
wasm2c,90,1048576,0,44,10.685
wasm2c,90,1048576,0,45,11.444
wasm2c,90,1048576,0,46,10.657
wasm2c,90,1048576,0,47,10.695
wasm2c,90,1048576,0,48,10.898
wasm2c,90,1048576,0,49,14.807
wasm2c,90,1048576,0,50,10.654
wasm2c,90,1048576,0,51,10.764
wasm2c,90,1048576,0,52,10.704
wasm2c,90,1048576,0,53,10.823
wasm2c,90,1048576,0,54,10.738
wasm2c,90,1048576,0,55,10.743
wasm2c,90,1048576,0,56,10.631
wasm2c,90,1048576,0,57,10.631
wasm2c,90,1048576,0,58,10.773
wasm2c,90,1048576,0,59,10.741
wasm2c,90,1048576,0,60,10.896
wasm2c,90,1048576,0,61,10.76
wasm2c,90,1048576,0,62,10.789
wasm2c,90,1048576,0,63,10.574
wasm2c,90,1048576,0,64,10.628
wasm2c,90,1048576,0,65,10.814
wasm2c,90,1048576,0,66,10.709
wasm2c,90,1048576,0,67,10.703
wasm2c,90,1048576,0,68,10.592
wasm2c,90,1048576,0,69,10.604
wasm2c,90,1048576,0,70,10.586
wasm2c,90,1048576,0,71,10.582
wasm2c,90,1048576,0,72,10.628
wasm2c,90,1048576,0,73,10.77
wasm2c,90,1048576,0,74,10.872
wasm2c,90,1048576,0,75,10.76
wasm2c,90,1048576,0,76,11.075
wasm2c,90,1048576,0,77,10.663
wasm2c,90,1048576,0,78,10.729
wasm2c,90,1048576,0,79,10.782
wasm2c,90,1048576,0,80,10.806
wasm2c,90,1048576,0,81,10.746
wasm2c,90,1048576,0,82,11.987
wasm2c,90,1048576,0,83,10.69
wasm2c,90,1048576,0,84,10.854
wasm2c,90,1048576,0,85,10.683
wasm2c,90,1048576,0,86,10.667
wasm2c,90,1048576,0,87,10.95
wasm2c,90,1048576,0,88,10.84
wasm2c,90,1048576,0,89,10.725
wasm2c,90,1048576,0,90,10.691
wasm2c,90,1048576,0,91,10.654
wasm2c,90,1048576,0,92,10.683
wasm2c,90,1048576,0,93,10.941
wasm2c,90,1048576,0,94,17.115
wasm2c,90,1048576,0,95,16.463
wasm2c,90,1048576,0,96,10.908
wasm2c,90,1048576,0,97,16.891
wasm2c,90,1048576,0,98,15.913
wasm2c,90,1048576,0,99,13.129
wasm2c,90,10240,1,0,0.351
wasm2c,90,10240,1,1,0.154
wasm2c,90,10240,1,2,0.145
wasm2c,90,10240,1,3,0.139
wasm2c,90,10240,1,4,0.138
wasm2c,90,10240,1,5,0.135
wasm2c,90,10240,1,6,0.156
wasm2c,90,10240,1,7,0.222
wasm2c,90,10240,1,8,0.144
wasm2c,90,10240,1,9,0.202
wasm2c,90,10240,1,10,0.141
wasm2c,90,10240,1,11,0.126
wasm2c,90,10240,1,12,0.126
wasm2c,90,10240,1,13,0.126
wasm2c,90,10240,1,14,0.125
wasm2c,90,10240,1,15,0.125
wasm2c,90,10240,1,16,0.124
wasm2c,90,10240,1,17,0.126
wasm2c,90,10240,1,18,0.125
wasm2c,90,10240,1,19,0.125
wasm2c,90,10240,1,20,0.124
wasm2c,90,10240,1,21,0.135
wasm2c,90,10240,1,22,0.13
wasm2c,90,10240,1,23,0.145
wasm2c,90,10240,1,24,0.131
wasm2c,90,10240,1,25,0.136
wasm2c,90,10240,1,26,0.133
wasm2c,90,10240,1,27,0.131
wasm2c,90,10240,1,28,0.128
wasm2c,90,10240,1,29,0.129
wasm2c,90,10240,1,30,0.125
wasm2c,90,10240,1,31,0.159
wasm2c,90,10240,1,32,0.133
wasm2c,90,10240,1,33,0.126
wasm2c,90,10240,1,34,0.127
wasm2c,90,10240,1,35,0.126
wasm2c,90,10240,1,36,0.125
wasm2c,90,10240,1,37,0.124
wasm2c,90,10240,1,38,0.124
wasm2c,90,10240,1,39,0.125
wasm2c,90,10240,1,40,0.124
wasm2c,90,10240,1,41,0.124
wasm2c,90,10240,1,42,0.125
wasm2c,90,10240,1,43,0.125
wasm2c,90,10240,1,44,0.131
wasm2c,90,10240,1,45,0.145
wasm2c,90,10240,1,46,0.134
wasm2c,90,10240,1,47,0.22
wasm2c,90,10240,1,48,0.232
wasm2c,90,10240,1,49,0.17
wasm2c,90,10240,1,50,0.13
wasm2c,90,10240,1,51,0.126
wasm2c,90,10240,1,52,0.127
wasm2c,90,10240,1,53,0.125
wasm2c,90,10240,1,54,0.125
wasm2c,90,10240,1,55,0.125
wasm2c,90,10240,1,56,0.124
wasm2c,90,10240,1,57,0.198
wasm2c,90,10240,1,58,0.199
wasm2c,90,10240,1,59,0.147
wasm2c,90,10240,1,60,0.144
wasm2c,90,10240,1,61,0.225
wasm2c,90,10240,1,62,0.255
wasm2c,90,10240,1,63,0.152
wasm2c,90,10240,1,64,0.14
wasm2c,90,10240,1,65,0.145
wasm2c,90,10240,1,66,0.146
wasm2c,90,10240,1,67,0.178
wasm2c,90,10240,1,68,0.135
wasm2c,90,10240,1,69,0.127
wasm2c,90,10240,1,70,0.131
wasm2c,90,10240,1,71,0.13
wasm2c,90,10240,1,72,0.13
wasm2c,90,10240,1,73,0.129
wasm2c,90,10240,1,74,0.134
wasm2c,90,10240,1,75,0.13
wasm2c,90,10240,1,76,0.14
wasm2c,90,10240,1,77,0.188
wasm2c,90,10240,1,78,0.186
wasm2c,90,10240,1,79,0.201
wasm2c,90,10240,1,80,0.132
wasm2c,90,10240,1,81,0.132
wasm2c,90,10240,1,82,0.126
wasm2c,90,10240,1,83,0.125
wasm2c,90,10240,1,84,0.125
wasm2c,90,10240,1,85,0.126
wasm2c,90,10240,1,86,0.125
wasm2c,90,10240,1,87,0.124
wasm2c,90,10240,1,88,0.124
wasm2c,90,10240,1,89,0.125
wasm2c,90,10240,1,90,0.125
wasm2c,90,10240,1,91,0.125
wasm2c,90,10240,1,92,0.125
wasm2c,90,10240,1,93,0.16
wasm2c,90,10240,1,94,0.129
wasm2c,90,10240,1,95,0.179
wasm2c,90,10240,1,96,0.176
wasm2c,90,10240,1,97,0.176
wasm2c,90,10240,1,98,0.131
wasm2c,90,10240,1,99,0.129
wasm2c,90,1048576,1,0,10.912
wasm2c,90,1048576,1,1,10.889
wasm2c,90,1048576,1,2,11.062
wasm2c,90,1048576,1,3,11.148
wasm2c,90,1048576,1,4,11.115
wasm2c,90,1048576,1,5,10.863
wasm2c,90,1048576,1,6,11.616
wasm2c,90,1048576,1,7,11.183
wasm2c,90,1048576,1,8,10.808
wasm2c,90,1048576,1,9,10.938
wasm2c,90,1048576,1,10,11.117
wasm2c,90,1048576,1,11,11.366
wasm2c,90,1048576,1,12,11.015
wasm2c,90,1048576,1,13,10.855
wasm2c,90,1048576,1,14,10.839
wasm2c,90,1048576,1,15,10.668
wasm2c,90,1048576,1,16,12.776
wasm2c,90,1048576,1,17,13.844
wasm2c,90,1048576,1,18,11.511
wasm2c,90,1048576,1,19,11.612
wasm2c,90,1048576,1,20,11.387
wasm2c,90,1048576,1,21,10.957
wasm2c,90,1048576,1,22,16.137
wasm2c,90,1048576,1,23,10.934
wasm2c,90,1048576,1,24,10.641
wasm2c,90,1048576,1,25,10.939
wasm2c,90,1048576,1,26,10.699
wasm2c,90,1048576,1,27,10.688
wasm2c,90,1048576,1,28,10.628
wasm2c,90,1048576,1,29,10.807
wasm2c,90,1048576,1,30,15.331
wasm2c,90,1048576,1,31,10.805
wasm2c,90,1048576,1,32,10.595
wasm2c,90,1048576,1,33,10.756
wasm2c,90,1048576,1,34,10.698
wasm2c,90,1048576,1,35,10.62
wasm2c,90,1048576,1,36,10.673
wasm2c,90,1048576,1,37,10.658
wasm2c,90,1048576,1,38,10.861
wasm2c,90,1048576,1,39,11.174
wasm2c,90,1048576,1,40,11.226
wasm2c,90,1048576,1,41,13.555
wasm2c,90,1048576,1,42,11.289
wasm2c,90,1048576,1,43,11.313
wasm2c,90,1048576,1,44,10.731
wasm2c,90,1048576,1,45,11.088
wasm2c,90,1048576,1,46,10.784
wasm2c,90,1048576,1,47,12.921
wasm2c,90,1048576,1,48,10.78
wasm2c,90,1048576,1,49,10.749
wasm2c,90,1048576,1,50,10.653
wasm2c,90,1048576,1,51,10.677
wasm2c,90,1048576,1,52,10.678
wasm2c,90,1048576,1,53,10.547
wasm2c,90,1048576,1,54,10.672
wasm2c,90,1048576,1,55,10.608
wasm2c,90,1048576,1,56,10.654
wasm2c,90,1048576,1,57,10.626
wasm2c,90,1048576,1,58,10.668
wasm2c,90,1048576,1,59,10.714
wasm2c,90,1048576,1,60,11.849
wasm2c,90,1048576,1,61,10.761
wasm2c,90,1048576,1,62,10.859
wasm2c,90,1048576,1,63,10.669
wasm2c,90,1048576,1,64,10.92
wasm2c,90,1048576,1,65,10.967
wasm2c,90,1048576,1,66,11.118
wasm2c,90,1048576,1,67,10.864
wasm2c,90,1048576,1,68,10.761
wasm2c,90,1048576,1,69,11.231
wasm2c,90,1048576,1,70,10.731
wasm2c,90,1048576,1,71,10.788
wasm2c,90,1048576,1,72,10.717
wasm2c,90,1048576,1,73,10.637
wasm2c,90,1048576,1,74,10.657
wasm2c,90,1048576,1,75,10.694
wasm2c,90,1048576,1,76,10.657
wasm2c,90,1048576,1,77,10.691
wasm2c,90,1048576,1,78,10.657
wasm2c,90,1048576,1,79,10.697
wasm2c,90,1048576,1,80,10.603
wasm2c,90,1048576,1,81,10.591
wasm2c,90,1048576,1,82,10.732
wasm2c,90,1048576,1,83,10.708
wasm2c,90,1048576,1,84,10.765
wasm2c,90,1048576,1,85,10.773
wasm2c,90,1048576,1,86,10.704
wasm2c,90,1048576,1,87,10.583
wasm2c,90,1048576,1,88,10.622
wasm2c,90,1048576,1,89,10.601
wasm2c,90,1048576,1,90,10.712
wasm2c,90,1048576,1,91,10.684
wasm2c,90,1048576,1,92,10.661
wasm2c,90,1048576,1,93,10.649
wasm2c,90,1048576,1,94,10.637
wasm2c,90,1048576,1,95,10.589
wasm2c,90,1048576,1,96,10.569
wasm2c,90,1048576,1,97,10.652
wasm2c,90,1048576,1,98,10.682
wasm2c,90,1048576,1,99,10.647
wasm2c,90,10240,2,0,0.322
wasm2c,90,10240,2,1,0.157
wasm2c,90,10240,2,2,0.144
wasm2c,90,10240,2,3,0.138
wasm2c,90,10240,2,4,0.135
wasm2c,90,10240,2,5,0.131
wasm2c,90,10240,2,6,0.138
wasm2c,90,10240,2,7,0.195
wasm2c,90,10240,2,8,0.181
wasm2c,90,10240,2,9,0.179
wasm2c,90,10240,2,10,0.178
wasm2c,90,10240,2,11,0.177
wasm2c,90,10240,2,12,0.176
wasm2c,90,10240,2,13,0.176
wasm2c,90,10240,2,14,0.184
wasm2c,90,10240,2,15,0.176
wasm2c,90,10240,2,16,0.18
wasm2c,90,10240,2,17,0.18
wasm2c,90,10240,2,18,0.189
wasm2c,90,10240,2,19,0.177
wasm2c,90,10240,2,20,0.176
wasm2c,90,10240,2,21,0.176
wasm2c,90,10240,2,22,0.178
wasm2c,90,10240,2,23,0.186
wasm2c,90,10240,2,24,0.177
wasm2c,90,10240,2,25,0.176
wasm2c,90,10240,2,26,0.177
wasm2c,90,10240,2,27,0.175
wasm2c,90,10240,2,28,0.175
wasm2c,90,10240,2,29,0.194
wasm2c,90,10240,2,30,0.176
wasm2c,90,10240,2,31,0.177
wasm2c,90,10240,2,32,0.175
wasm2c,90,10240,2,33,0.176
wasm2c,90,10240,2,34,0.175
wasm2c,90,10240,2,35,0.175
wasm2c,90,10240,2,36,0.176
wasm2c,90,10240,2,37,0.18
wasm2c,90,10240,2,38,0.176
wasm2c,90,10240,2,39,0.175
wasm2c,90,10240,2,40,0.175
wasm2c,90,10240,2,41,0.175
wasm2c,90,10240,2,42,0.176
wasm2c,90,10240,2,43,0.176
wasm2c,90,10240,2,44,0.176
wasm2c,90,10240,2,45,0.176
wasm2c,90,10240,2,46,0.176
wasm2c,90,10240,2,47,0.176
wasm2c,90,10240,2,48,0.175
wasm2c,90,10240,2,49,0.184
wasm2c,90,10240,2,50,0.177
wasm2c,90,10240,2,51,0.19
wasm2c,90,10240,2,52,0.183
wasm2c,90,10240,2,53,0.179
wasm2c,90,10240,2,54,0.178
wasm2c,90,10240,2,55,0.177
wasm2c,90,10240,2,56,0.176
wasm2c,90,10240,2,57,0.176
wasm2c,90,10240,2,58,0.176
wasm2c,90,10240,2,59,0.175
wasm2c,90,10240,2,60,0.178
wasm2c,90,10240,2,61,0.175
wasm2c,90,10240,2,62,0.176
wasm2c,90,10240,2,63,0.176
wasm2c,90,10240,2,64,0.177
wasm2c,90,10240,2,65,0.175
wasm2c,90,10240,2,66,0.175
wasm2c,90,10240,2,67,0.195
wasm2c,90,10240,2,68,0.177
wasm2c,90,10240,2,69,0.177
wasm2c,90,10240,2,70,0.177
wasm2c,90,10240,2,71,0.177
wasm2c,90,10240,2,72,0.177
wasm2c,90,10240,2,73,0.176
wasm2c,90,10240,2,74,0.175
wasm2c,90,10240,2,75,0.178
wasm2c,90,10240,2,76,0.177
wasm2c,90,10240,2,77,0.176
wasm2c,90,10240,2,78,0.176
wasm2c,90,10240,2,79,0.177
wasm2c,90,10240,2,80,0.177
wasm2c,90,10240,2,81,0.195
wasm2c,90,10240,2,82,0.177
wasm2c,90,10240,2,83,0.176
wasm2c,90,10240,2,84,0.175
wasm2c,90,10240,2,85,0.175
wasm2c,90,10240,2,86,0.175
wasm2c,90,10240,2,87,0.176
wasm2c,90,10240,2,88,0.176
wasm2c,90,10240,2,89,0.176
wasm2c,90,10240,2,90,0.208
wasm2c,90,10240,2,91,0.178
wasm2c,90,10240,2,92,0.176
wasm2c,90,10240,2,93,0.176
wasm2c,90,10240,2,94,0.177
wasm2c,90,10240,2,95,0.177
wasm2c,90,10240,2,96,0.177
wasm2c,90,10240,2,97,0.175
wasm2c,90,10240,2,98,0.178
wasm2c,90,10240,2,99,0.178
wasm2c,90,1048576,2,0,10.657
wasm2c,90,1048576,2,1,10.633
wasm2c,90,1048576,2,2,10.673
wasm2c,90,1048576,2,3,10.766
wasm2c,90,1048576,2,4,10.749
wasm2c,90,1048576,2,5,10.682
wasm2c,90,1048576,2,6,10.673
wasm2c,90,1048576,2,7,10.709
wasm2c,90,1048576,2,8,10.599
wasm2c,90,1048576,2,9,10.73
wasm2c,90,1048576,2,10,10.644
wasm2c,90,1048576,2,11,10.704
wasm2c,90,1048576,2,12,10.715
wasm2c,90,1048576,2,13,10.697
wasm2c,90,1048576,2,14,10.752
wasm2c,90,1048576,2,15,10.591
wasm2c,90,1048576,2,16,10.616
wasm2c,90,1048576,2,17,10.604
wasm2c,90,1048576,2,18,10.538
wasm2c,90,1048576,2,19,11.209
wasm2c,90,1048576,2,20,10.582
wasm2c,90,1048576,2,21,10.59
wasm2c,90,1048576,2,22,10.569
wasm2c,90,1048576,2,23,10.589
wasm2c,90,1048576,2,24,10.58
wasm2c,90,1048576,2,25,10.587
wasm2c,90,1048576,2,26,10.672
wasm2c,90,1048576,2,27,10.641
wasm2c,90,1048576,2,28,10.626
wasm2c,90,1048576,2,29,10.661
wasm2c,90,1048576,2,30,10.664
wasm2c,90,1048576,2,31,10.681
wasm2c,90,1048576,2,32,10.533
wasm2c,90,1048576,2,33,10.604
wasm2c,90,1048576,2,34,10.583
wasm2c,90,1048576,2,35,10.606
wasm2c,90,1048576,2,36,10.659
wasm2c,90,1048576,2,37,10.589
wasm2c,90,1048576,2,38,10.64
wasm2c,90,1048576,2,39,10.631
wasm2c,90,1048576,2,40,12.61
wasm2c,90,1048576,2,41,10.621
wasm2c,90,1048576,2,42,11.322
wasm2c,90,1048576,2,43,11.078
wasm2c,90,1048576,2,44,11.611
wasm2c,90,1048576,2,45,11.428
wasm2c,90,1048576,2,46,11.228
wasm2c,90,1048576,2,47,11.254
wasm2c,90,1048576,2,48,11.731
wasm2c,90,1048576,2,49,10.787
wasm2c,90,1048576,2,50,10.769
wasm2c,90,1048576,2,51,11.123
wasm2c,90,1048576,2,52,11.294
wasm2c,90,1048576,2,53,11.906
wasm2c,90,1048576,2,54,10.78
wasm2c,90,1048576,2,55,10.816
wasm2c,90,1048576,2,56,10.906
wasm2c,90,1048576,2,57,10.825
wasm2c,90,1048576,2,58,10.81
wasm2c,90,1048576,2,59,10.767
wasm2c,90,1048576,2,60,10.807
wasm2c,90,1048576,2,61,10.897
wasm2c,90,1048576,2,62,10.647
wasm2c,90,1048576,2,63,10.632
wasm2c,90,1048576,2,64,11.056
wasm2c,90,1048576,2,65,10.676
wasm2c,90,1048576,2,66,10.66
wasm2c,90,1048576,2,67,10.698
wasm2c,90,1048576,2,68,11.444
wasm2c,90,1048576,2,69,10.703
wasm2c,90,1048576,2,70,12.541
wasm2c,90,1048576,2,71,11.016
wasm2c,90,1048576,2,72,10.655
wasm2c,90,1048576,2,73,10.607
wasm2c,90,1048576,2,74,10.597
wasm2c,90,1048576,2,75,10.632
wasm2c,90,1048576,2,76,10.791
wasm2c,90,1048576,2,77,10.785
wasm2c,90,1048576,2,78,10.972
wasm2c,90,1048576,2,79,10.771
wasm2c,90,1048576,2,80,10.74
wasm2c,90,1048576,2,81,10.694
wasm2c,90,1048576,2,82,10.69
wasm2c,90,1048576,2,83,11.066
wasm2c,90,1048576,2,84,10.651
wasm2c,90,1048576,2,85,10.616
wasm2c,90,1048576,2,86,10.625
wasm2c,90,1048576,2,87,10.578
wasm2c,90,1048576,2,88,10.576
wasm2c,90,1048576,2,89,10.597
wasm2c,90,1048576,2,90,10.655
wasm2c,90,1048576,2,91,10.82
wasm2c,90,1048576,2,92,11.297
wasm2c,90,1048576,2,93,11.101
wasm2c,90,1048576,2,94,11.428
wasm2c,90,1048576,2,95,11.472
wasm2c,90,1048576,2,96,13.521
wasm2c,90,1048576,2,97,10.945
wasm2c,90,1048576,2,98,10.763
wasm2c,90,1048576,2,99,13.251
process,50,10240,0,0,1.009
process,50,10240,0,1,0.624
process,50,10240,0,2,0.902
process,50,10240,0,3,0.622
process,50,10240,0,4,0.542
process,50,10240,0,5,0.559
process,50,10240,0,6,0.636
process,50,10240,0,7,0.63
process,50,10240,0,8,0.901
process,50,10240,0,9,0.592
process,50,10240,0,10,0.889
process,50,10240,0,11,0.761
process,50,10240,0,12,0.775
process,50,10240,0,13,0.787
process,50,10240,0,14,0.611
process,50,10240,0,15,0.796
process,50,10240,0,16,0.671
process,50,10240,0,17,0.795
process,50,10240,0,18,0.627
process,50,10240,0,19,0.588
process,50,10240,0,20,0.669
process,50,10240,0,21,0.952
process,50,10240,0,22,0.832
process,50,10240,0,23,0.776
process,50,10240,0,24,0.802
process,50,10240,0,25,0.629
process,50,10240,0,26,0.666
process,50,10240,0,27,0.946
process,50,10240,0,28,0.76
process,50,10240,0,29,0.738
process,50,10240,0,30,0.966
process,50,10240,0,31,1.201
process,50,10240,0,32,0.672
process,50,10240,0,33,0.633
process,50,10240,0,34,0.75
process,50,10240,0,35,0.6
process,50,10240,0,36,0.688
process,50,10240,0,37,0.622
process,50,10240,0,38,0.82
process,50,10240,0,39,0.642
process,50,10240,0,40,1.037
process,50,10240,0,41,0.87
process,50,10240,0,42,0.756
process,50,10240,0,43,0.655
process,50,10240,0,44,0.737
process,50,10240,0,45,0.616
process,50,10240,0,46,0.62
process,50,10240,0,47,0.597
process,50,10240,0,48,0.715
process,50,10240,0,49,0.74
process,50,10240,0,50,0.841
process,50,10240,0,51,0.634
process,50,10240,0,52,0.711
process,50,10240,0,53,0.611
process,50,10240,0,54,0.581
process,50,10240,0,55,0.541
process,50,10240,0,56,0.539
process,50,10240,0,57,0.556
process,50,10240,0,58,0.609
process,50,10240,0,59,0.549
process,50,10240,0,60,0.59
process,50,10240,0,61,0.633
process,50,10240,0,62,0.829
process,50,10240,0,63,0.867
process,50,10240,0,64,0.805
process,50,10240,0,65,0.774
process,50,10240,0,66,0.824
process,50,10240,0,67,0.605
process,50,10240,0,68,0.867
process,50,10240,0,69,0.879
process,50,10240,0,70,0.71
process,50,10240,0,71,0.991
process,50,10240,0,72,0.951
process,50,10240,0,73,0.609
process,50,10240,0,74,0.646
process,50,10240,0,75,0.697
process,50,10240,0,76,0.583
process,50,10240,0,77,0.605
process,50,10240,0,78,0.571
process,50,10240,0,79,0.58
process,50,10240,0,80,0.677
process,50,10240,0,81,0.601
process,50,10240,0,82,0.778
process,50,10240,0,83,1.015
process,50,10240,0,84,0.81
process,50,10240,0,85,0.713
process,50,10240,0,86,0.7
process,50,10240,0,87,0.654
process,50,10240,0,88,0.565
process,50,10240,0,89,0.575
process,50,10240,0,90,0.705
process,50,10240,0,91,0.612
process,50,10240,0,92,0.714
process,50,10240,0,93,0.71
process,50,10240,0,94,0.923
process,50,10240,0,95,0.596
process,50,10240,0,96,0.553
process,50,10240,0,97,0.593
process,50,10240,0,98,0.541
process,50,10240,0,99,0.56
process,50,1048576,0,0,1.971
process,50,1048576,0,1,1.662
process,50,1048576,0,2,1.878
process,50,1048576,0,3,1.876
process,50,1048576,0,4,1.956
process,50,1048576,0,5,1.977
process,50,1048576,0,6,2.577
process,50,1048576,0,7,1.814
process,50,1048576,0,8,2.067
process,50,1048576,0,9,1.875
process,50,1048576,0,10,2.517
process,50,1048576,0,11,1.958
process,50,1048576,0,12,1.975
process,50,1048576,0,13,1.733
process,50,1048576,0,14,2.645
process,50,1048576,0,15,1.937
process,50,1048576,0,16,1.897
process,50,1048576,0,17,1.886
process,50,1048576,0,18,1.958
process,50,1048576,0,19,2.312
process,50,1048576,0,20,1.797
process,50,1048576,0,21,1.817
process,50,1048576,0,22,1.821
process,50,1048576,0,23,1.762
process,50,1048576,0,24,2.546
process,50,1048576,0,25,1.844
process,50,1048576,0,26,1.866
process,50,1048576,0,27,1.71
process,50,1048576,0,28,2.086
process,50,1048576,0,29,1.807
process,50,1048576,0,30,1.925
process,50,1048576,0,31,1.825
process,50,1048576,0,32,2.081
process,50,1048576,0,33,1.858
process,50,1048576,0,34,1.833
process,50,1048576,0,35,1.854
process,50,1048576,0,36,1.773
process,50,1048576,0,37,2.042
process,50,1048576,0,38,1.939
process,50,1048576,0,39,2.15
process,50,1048576,0,40,1.816
process,50,1048576,0,41,1.77
process,50,1048576,0,42,1.815
process,50,1048576,0,43,1.993
process,50,1048576,0,44,1.918
process,50,1048576,0,45,1.806
process,50,1048576,0,46,1.853
process,50,1048576,0,47,1.804
process,50,1048576,0,48,1.882
process,50,1048576,0,49,2.522
process,50,1048576,0,50,2.108
process,50,1048576,0,51,1.621
process,50,1048576,0,52,2.6
process,50,1048576,0,53,1.821
process,50,1048576,0,54,1.864
process,50,1048576,0,55,2.132
process,50,1048576,0,56,2.433
process,50,1048576,0,57,2.536
process,50,1048576,0,58,1.75
process,50,1048576,0,59,2.6
process,50,1048576,0,60,1.762
process,50,1048576,0,61,2.448
process,50,1048576,0,62,1.845
process,50,1048576,0,63,3.14
process,50,1048576,0,64,1.888
process,50,1048576,0,65,1.827
process,50,1048576,0,66,1.795
process,50,1048576,0,67,2.858
process,50,1048576,0,68,2.007
process,50,1048576,0,69,1.917
process,50,1048576,0,70,1.896
process,50,1048576,0,71,1.892
process,50,1048576,0,72,1.891
process,50,1048576,0,73,1.813
process,50,1048576,0,74,2.023
process,50,1048576,0,75,1.841
process,50,1048576,0,76,2.003
process,50,1048576,0,77,2.053
process,50,1048576,0,78,1.834
process,50,1048576,0,79,1.807
process,50,1048576,0,80,1.923
process,50,1048576,0,81,1.788
process,50,1048576,0,82,1.905
process,50,1048576,0,83,1.966
process,50,1048576,0,84,2.341
process,50,1048576,0,85,1.864
process,50,1048576,0,86,2.341
process,50,1048576,0,87,1.747
process,50,1048576,0,88,1.985
process,50,1048576,0,89,1.984
process,50,1048576,0,90,1.839
process,50,1048576,0,91,1.96
process,50,1048576,0,92,1.802
process,50,1048576,0,93,2.019
process,50,1048576,0,94,1.923
process,50,1048576,0,95,2.142
process,50,1048576,0,96,2.506
process,50,1048576,0,97,1.907
process,50,1048576,0,98,2.654
process,50,1048576,0,99,1.84
process,50,10240,1,0,1.271
process,50,10240,1,1,0.879
process,50,10240,1,2,0.704
process,50,10240,1,3,0.679
process,50,10240,1,4,0.819
process,50,10240,1,5,0.653
process,50,10240,1,6,0.575
process,50,10240,1,7,0.665
process,50,10240,1,8,0.593
process,50,10240,1,9,0.534
process,50,10240,1,10,0.559
process,50,10240,1,11,0.778
process,50,10240,1,12,0.551
process,50,10240,1,13,0.827
process,50,10240,1,14,0.657
process,50,10240,1,15,0.771
process,50,10240,1,16,0.656
process,50,10240,1,17,0.557
process,50,10240,1,18,0.606
process,50,10240,1,19,0.533
process,50,10240,1,20,0.612
process,50,10240,1,21,0.769
process,50,10240,1,22,0.751
process,50,10240,1,23,0.563
process,50,10240,1,24,0.654
process,50,10240,1,25,0.64
process,50,10240,1,26,0.614
process,50,10240,1,27,0.646
process,50,10240,1,28,0.54
process,50,10240,1,29,0.596
process,50,10240,1,30,0.532
process,50,10240,1,31,0.543
process,50,10240,1,32,0.681
process,50,10240,1,33,0.545
process,50,10240,1,34,0.493
process,50,10240,1,35,0.679
process,50,10240,1,36,0.677
process,50,10240,1,37,0.582
process,50,10240,1,38,0.64
process,50,10240,1,39,0.671
process,50,10240,1,40,0.545
process,50,10240,1,41,0.551
process,50,10240,1,42,0.568
process,50,10240,1,43,0.574
process,50,10240,1,44,0.56
process,50,10240,1,45,0.573
process,50,10240,1,46,0.512
process,50,10240,1,47,0.555
process,50,10240,1,48,0.576
process,50,10240,1,49,0.574
process,50,10240,1,50,0.586
process,50,10240,1,51,0.691
process,50,10240,1,52,0.589
process,50,10240,1,53,0.66
process,50,10240,1,54,0.62
process,50,10240,1,55,0.583
process,50,10240,1,56,0.539
process,50,10240,1,57,0.627
process,50,10240,1,58,0.553
process,50,10240,1,59,0.584
process,50,10240,1,60,0.568
process,50,10240,1,61,0.62
process,50,10240,1,62,0.588
process,50,10240,1,63,0.606
process,50,10240,1,64,0.62
process,50,10240,1,65,0.614
process,50,10240,1,66,0.555
process,50,10240,1,67,0.508
process,50,10240,1,68,0.593
process,50,10240,1,69,0.52
process,50,10240,1,70,0.597
process,50,10240,1,71,0.555
process,50,10240,1,72,0.624
process,50,10240,1,73,0.542
process,50,10240,1,74,0.532
process,50,10240,1,75,0.608
process,50,10240,1,76,0.595
process,50,10240,1,77,0.534
process,50,10240,1,78,0.57
process,50,10240,1,79,0.592
process,50,10240,1,80,0.55
process,50,10240,1,81,0.644
process,50,10240,1,82,0.591
process,50,10240,1,83,0.494
process,50,10240,1,84,0.482
process,50,10240,1,85,0.519
process,50,10240,1,86,0.553
process,50,10240,1,87,0.602
process,50,10240,1,88,0.6
process,50,10240,1,89,0.547
process,50,10240,1,90,0.516
process,50,10240,1,91,0.52
process,50,10240,1,92,0.533
process,50,10240,1,93,0.563
process,50,10240,1,94,0.622
process,50,10240,1,95,0.883
process,50,10240,1,96,0.566
process,50,10240,1,97,0.587
process,50,10240,1,98,0.563
process,50,10240,1,99,0.643
process,50,1048576,1,0,1.763
process,50,1048576,1,1,1.956
process,50,1048576,1,2,1.856
process,50,1048576,1,3,1.823
process,50,1048576,1,4,1.877
process,50,1048576,1,5,1.93
process,50,1048576,1,6,2.642
process,50,1048576,1,7,1.892
process,50,1048576,1,8,1.76
process,50,1048576,1,9,1.895
process,50,1048576,1,10,1.937
process,50,1048576,1,11,1.807
process,50,1048576,1,12,1.935
process,50,1048576,1,13,1.881
process,50,1048576,1,14,1.849
process,50,1048576,1,15,1.9
process,50,1048576,1,16,1.985
process,50,1048576,1,17,1.908
process,50,1048576,1,18,1.702
process,50,1048576,1,19,1.958
process,50,1048576,1,20,1.645
process,50,1048576,1,21,2.322
process,50,1048576,1,22,1.798
process,50,1048576,1,23,2.121
process,50,1048576,1,24,1.792
process,50,1048576,1,25,1.864
process,50,1048576,1,26,2.112
process,50,1048576,1,27,1.908
process,50,1048576,1,28,1.831
process,50,1048576,1,29,2.01
process,50,1048576,1,30,2.032
process,50,1048576,1,31,2.668
process,50,1048576,1,32,1.883
process,50,1048576,1,33,1.901
process,50,1048576,1,34,2.544
process,50,1048576,1,35,2.009
process,50,1048576,1,36,1.915
process,50,1048576,1,37,3.182
process,50,1048576,1,38,1.818
process,50,1048576,1,39,1.893
process,50,1048576,1,40,1.938
process,50,1048576,1,41,1.896
process,50,1048576,1,42,2.125
process,50,1048576,1,43,1.838
process,50,1048576,1,44,1.722
process,50,1048576,1,45,1.834
process,50,1048576,1,46,1.812
process,50,1048576,1,47,3.011
process,50,1048576,1,48,2.711
process,50,1048576,1,49,1.961
process,50,1048576,1,50,2.502
process,50,1048576,1,51,2.132
process,50,1048576,1,52,1.843
process,50,1048576,1,53,1.931
process,50,1048576,1,54,1.843
process,50,1048576,1,55,2.071
process,50,1048576,1,56,2.007
process,50,1048576,1,57,1.719
process,50,1048576,1,58,1.866
process,50,1048576,1,59,1.794
process,50,1048576,1,60,1.906
process,50,1048576,1,61,1.833
process,50,1048576,1,62,1.892
process,50,1048576,1,63,1.699
process,50,1048576,1,64,1.945
process,50,1048576,1,65,2.178
process,50,1048576,1,66,1.873
process,50,1048576,1,67,1.993
process,50,1048576,1,68,2.551
process,50,1048576,1,69,1.739
process,50,1048576,1,70,2.572
process,50,1048576,1,71,1.825
process,50,1048576,1,72,1.685
process,50,1048576,1,73,1.744
process,50,1048576,1,74,1.953
process,50,1048576,1,75,2.073
process,50,1048576,1,76,1.795
process,50,1048576,1,77,2.006
process,50,1048576,1,78,1.964
process,50,1048576,1,79,1.997
process,50,1048576,1,80,2.008
process,50,1048576,1,81,2.324
process,50,1048576,1,82,1.774
process,50,1048576,1,83,1.735
process,50,1048576,1,84,1.978
process,50,1048576,1,85,1.781
process,50,1048576,1,86,2.053
process,50,1048576,1,87,2.001
process,50,1048576,1,88,1.924
process,50,1048576,1,89,1.884
process,50,1048576,1,90,1.654
process,50,1048576,1,91,1.838
process,50,1048576,1,92,1.885
process,50,1048576,1,93,1.98
process,50,1048576,1,94,1.914
process,50,1048576,1,95,1.83
process,50,1048576,1,96,2.552
process,50,1048576,1,97,1.822
process,50,1048576,1,98,1.894
process,50,1048576,1,99,1.913
process,50,10240,2,0,0.654
process,50,10240,2,1,0.85
process,50,10240,2,2,0.656
process,50,10240,2,3,0.64
process,50,10240,2,4,0.626
process,50,10240,2,5,0.599
process,50,10240,2,6,0.667
process,50,10240,2,7,0.667
process,50,10240,2,8,0.556
process,50,10240,2,9,0.586
process,50,10240,2,10,0.708
process,50,10240,2,11,0.516
process,50,10240,2,12,0.511
process,50,10240,2,13,0.678
process,50,10240,2,14,0.635
process,50,10240,2,15,0.522
process,50,10240,2,16,0.64
process,50,10240,2,17,0.531
process,50,10240,2,18,0.593
process,50,10240,2,19,0.633
process,50,10240,2,20,0.679
process,50,10240,2,21,0.553
process,50,10240,2,22,0.563
process,50,10240,2,23,0.523
process,50,10240,2,24,0.65
process,50,10240,2,25,0.584
process,50,10240,2,26,0.568
process,50,10240,2,27,0.6
process,50,10240,2,28,0.592
process,50,10240,2,29,0.563
process,50,10240,2,30,0.585
process,50,10240,2,31,0.574
process,50,10240,2,32,0.606
process,50,10240,2,33,0.623
process,50,10240,2,34,0.674
process,50,10240,2,35,0.723
process,50,10240,2,36,0.678
process,50,10240,2,37,0.602
process,50,10240,2,38,0.539
process,50,10240,2,39,0.611
process,50,10240,2,40,0.497
process,50,10240,2,41,0.533
process,50,10240,2,42,0.552
process,50,10240,2,43,0.566
process,50,10240,2,44,0.575
process,50,10240,2,45,0.57
process,50,10240,2,46,0.573
process,50,10240,2,47,0.637
process,50,10240,2,48,0.563
process,50,10240,2,49,0.686
process,50,10240,2,50,0.599
process,50,10240,2,51,0.665
process,50,10240,2,52,0.604
process,50,10240,2,53,0.598
process,50,10240,2,54,0.767
process,50,10240,2,55,0.658
process,50,10240,2,56,0.781
process,50,10240,2,57,0.664
process,50,10240,2,58,0.599
process,50,10240,2,59,0.605
process,50,10240,2,60,0.556
process,50,10240,2,61,0.622
process,50,10240,2,62,1.075
process,50,10240,2,63,0.916
process,50,10240,2,64,0.998
process,50,10240,2,65,0.615
process,50,10240,2,66,0.731
process,50,10240,2,67,0.636
process,50,10240,2,68,0.631
process,50,10240,2,69,0.535
process,50,10240,2,70,0.519
process,50,10240,2,71,0.743
process,50,10240,2,72,0.636
process,50,10240,2,73,0.601
process,50,10240,2,74,0.628
process,50,10240,2,75,0.79
process,50,10240,2,76,0.894
process,50,10240,2,77,0.534
process,50,10240,2,78,0.499
process,50,10240,2,79,0.523
process,50,10240,2,80,0.509
process,50,10240,2,81,0.555
process,50,10240,2,82,0.599
process,50,10240,2,83,0.739
process,50,10240,2,84,0.683
process,50,10240,2,85,0.583
process,50,10240,2,86,0.533
process,50,10240,2,87,0.581
process,50,10240,2,88,0.55
process,50,10240,2,89,0.656
process,50,10240,2,90,0.55
process,50,10240,2,91,0.545
process,50,10240,2,92,0.565
process,50,10240,2,93,0.539
process,50,10240,2,94,0.561
process,50,10240,2,95,0.556
process,50,10240,2,96,0.53
process,50,10240,2,97,0.667
process,50,10240,2,98,0.517
process,50,10240,2,99,0.511
process,50,1048576,2,0,1.932
process,50,1048576,2,1,1.916
process,50,1048576,2,2,1.723
process,50,1048576,2,3,1.816
process,50,1048576,2,4,1.862
process,50,1048576,2,5,1.842
process,50,1048576,2,6,1.969
process,50,1048576,2,7,1.873
process,50,1048576,2,8,2.815
process,50,1048576,2,9,1.771
process,50,1048576,2,10,1.994
process,50,1048576,2,11,1.727
process,50,1048576,2,12,1.824
process,50,1048576,2,13,2.681
process,50,1048576,2,14,2.024
process,50,1048576,2,15,2.692
process,50,1048576,2,16,2.013
process,50,1048576,2,17,2.035
process,50,1048576,2,18,1.776
process,50,1048576,2,19,2.313
process,50,1048576,2,20,2.031
process,50,1048576,2,21,2.594
process,50,1048576,2,22,2.001
process,50,1048576,2,23,1.837
process,50,1048576,2,24,1.88
process,50,1048576,2,25,2.064
process,50,1048576,2,26,1.916
process,50,1048576,2,27,1.792
process,50,1048576,2,28,1.84
process,50,1048576,2,29,1.98
process,50,1048576,2,30,2.658
process,50,1048576,2,31,1.839
process,50,1048576,2,32,1.871
process,50,1048576,2,33,2.684
process,50,1048576,2,34,2.06
process,50,1048576,2,35,1.744
process,50,1048576,2,36,1.762
process,50,1048576,2,37,1.972
process,50,1048576,2,38,1.873
process,50,1048576,2,39,1.849
process,50,1048576,2,40,2.113
process,50,1048576,2,41,1.937
process,50,1048576,2,42,1.851
process,50,1048576,2,43,1.894
process,50,1048576,2,44,1.986
process,50,1048576,2,45,1.886
process,50,1048576,2,46,2.161
process,50,1048576,2,47,1.731
process,50,1048576,2,48,1.995
process,50,1048576,2,49,2.011
process,50,1048576,2,50,2.052
process,50,1048576,2,51,1.937
process,50,1048576,2,52,1.94
process,50,1048576,2,53,2.536
process,50,1048576,2,54,1.817
process,50,1048576,2,55,1.949
process,50,1048576,2,56,1.836
process,50,1048576,2,57,2.119
process,50,1048576,2,58,1.791
process,50,1048576,2,59,1.915
process,50,1048576,2,60,1.866
process,50,1048576,2,61,1.886
process,50,1048576,2,62,1.742
process,50,1048576,2,63,1.911
process,50,1048576,2,64,1.798
process,50,1048576,2,65,1.616
process,50,1048576,2,66,1.776
process,50,1048576,2,67,1.735
process,50,1048576,2,68,1.905
process,50,1048576,2,69,1.747
process,50,1048576,2,70,1.708
process,50,1048576,2,71,1.762
process,50,1048576,2,72,1.74
process,50,1048576,2,73,1.8
process,50,1048576,2,74,2.506
process,50,1048576,2,75,1.742
process,50,1048576,2,76,1.902
process,50,1048576,2,77,1.84
process,50,1048576,2,78,1.656
process,50,1048576,2,79,1.903
process,50,1048576,2,80,1.977
process,50,1048576,2,81,1.831
process,50,1048576,2,82,1.959
process,50,1048576,2,83,2.03
process,50,1048576,2,84,1.869
process,50,1048576,2,85,1.825
process,50,1048576,2,86,1.953
process,50,1048576,2,87,1.931
process,50,1048576,2,88,1.747
process,50,1048576,2,89,2.134
process,50,1048576,2,90,1.883
process,50,1048576,2,91,1.796
process,50,1048576,2,92,2.02
process,50,1048576,2,93,1.839
process,50,1048576,2,94,2.139
process,50,1048576,2,95,1.932
process,50,1048576,2,96,1.935
process,50,1048576,2,97,1.846
process,50,1048576,2,98,1.984
process,50,1048576,2,99,1.79
adaptive,50,10240,0,0,0.582
adaptive,50,10240,0,1,0.752
adaptive,50,10240,0,2,0.327
adaptive,50,10240,0,3,0.148
adaptive,50,10240,0,4,0.133
adaptive,50,10240,0,5,0.131
adaptive,50,10240,0,6,0.127
adaptive,50,10240,0,7,0.126
adaptive,50,10240,0,8,0.128
adaptive,50,10240,0,9,0.126
adaptive,50,10240,0,10,0.126
adaptive,50,10240,0,11,0.126
adaptive,50,10240,0,12,0.126
adaptive,50,10240,0,13,0.126
adaptive,50,10240,0,14,0.127
adaptive,50,10240,0,15,0.126
adaptive,50,10240,0,16,0.125
adaptive,50,10240,0,17,0.127
adaptive,50,10240,0,18,0.126
adaptive,50,10240,0,19,0.129
adaptive,50,10240,0,20,0.13
adaptive,50,10240,0,21,0.126
adaptive,50,10240,0,22,0.125
adaptive,50,10240,0,23,0.125
adaptive,50,10240,0,24,0.124
adaptive,50,10240,0,25,0.125
adaptive,50,10240,0,26,0.137
adaptive,50,10240,0,27,0.128
adaptive,50,10240,0,28,0.126
adaptive,50,10240,0,29,0.127
adaptive,50,10240,0,30,0.125
adaptive,50,10240,0,31,0.125
adaptive,50,10240,0,32,0.133
adaptive,50,10240,0,33,0.125
adaptive,50,10240,0,34,0.125
adaptive,50,10240,0,35,0.125
adaptive,50,10240,0,36,0.125
adaptive,50,10240,0,37,0.128
adaptive,50,10240,0,38,0.125
adaptive,50,10240,0,39,0.126
adaptive,50,10240,0,40,0.124
adaptive,50,10240,0,41,0.125
adaptive,50,10240,0,42,0.125
adaptive,50,10240,0,43,0.125
adaptive,50,10240,0,44,0.124
adaptive,50,10240,0,45,0.126
adaptive,50,10240,0,46,0.125
adaptive,50,10240,0,47,0.124
adaptive,50,10240,0,48,0.124
adaptive,50,10240,0,49,0.124
adaptive,50,10240,0,50,0.124
adaptive,50,10240,0,51,0.134
adaptive,50,10240,0,52,0.126
adaptive,50,10240,0,53,0.124
adaptive,50,10240,0,54,0.126
adaptive,50,10240,0,55,0.128
adaptive,50,10240,0,56,0.125
adaptive,50,10240,0,57,0.237
adaptive,50,10240,0,58,0.136
adaptive,50,10240,0,59,0.128
adaptive,50,10240,0,60,0.125
adaptive,50,10240,0,61,0.125
adaptive,50,10240,0,62,0.125
adaptive,50,10240,0,63,0.125
adaptive,50,10240,0,64,0.125
adaptive,50,10240,0,65,0.125
adaptive,50,10240,0,66,0.126
adaptive,50,10240,0,67,0.125
adaptive,50,10240,0,68,0.125
adaptive,50,10240,0,69,0.151
adaptive,50,10240,0,70,0.126
adaptive,50,10240,0,71,0.125
adaptive,50,10240,0,72,0.125
adaptive,50,10240,0,73,0.125
adaptive,50,10240,0,74,0.125
adaptive,50,10240,0,75,0.127
adaptive,50,10240,0,76,0.127
adaptive,50,10240,0,77,0.133
adaptive,50,10240,0,78,0.127
adaptive,50,10240,0,79,0.127
adaptive,50,10240,0,80,0.124
adaptive,50,10240,0,81,0.125
adaptive,50,10240,0,82,0.125
adaptive,50,10240,0,83,0.124
adaptive,50,10240,0,84,0.124
adaptive,50,10240,0,85,0.125
adaptive,50,10240,0,86,0.124
adaptive,50,10240,0,87,0.125
adaptive,50,10240,0,88,0.126
adaptive,50,10240,0,89,0.125
adaptive,50,10240,0,90,0.125
adaptive,50,10240,0,91,0.155
adaptive,50,10240,0,92,0.129
adaptive,50,10240,0,93,0.136
adaptive,50,10240,0,94,0.128
adaptive,50,10240,0,95,0.126
adaptive,50,10240,0,96,0.125
adaptive,50,10240,0,97,0.125
adaptive,50,10240,0,98,0.128
adaptive,50,10240,0,99,0.125
adaptive,50,1048576,0,0,9.849
adaptive,50,1048576,0,1,9.946
adaptive,50,1048576,0,2,9.93
adaptive,50,1048576,0,3,9.918
adaptive,50,1048576,0,4,9.991
adaptive,50,1048576,0,5,3.034
adaptive,50,1048576,0,6,1.979
adaptive,50,1048576,0,7,2.026
adaptive,50,1048576,0,8,1.868
adaptive,50,1048576,0,9,1.809
adaptive,50,1048576,0,10,2.049
adaptive,50,1048576,0,11,1.944
adaptive,50,1048576,0,12,1.969
adaptive,50,1048576,0,13,1.833
adaptive,50,1048576,0,14,1.982
adaptive,50,1048576,0,15,1.9
adaptive,50,1048576,0,16,1.88
adaptive,50,1048576,0,17,1.921
adaptive,50,1048576,0,18,1.851
adaptive,50,1048576,0,19,1.917
adaptive,50,1048576,0,20,1.856
adaptive,50,1048576,0,21,2.066
adaptive,50,1048576,0,22,1.981
adaptive,50,1048576,0,23,2.214
adaptive,50,1048576,0,24,2.124
adaptive,50,1048576,0,25,1.932
adaptive,50,1048576,0,26,2.108
adaptive,50,1048576,0,27,1.891
adaptive,50,1048576,0,28,2.086
adaptive,50,1048576,0,29,1.793
adaptive,50,1048576,0,30,1.903
adaptive,50,1048576,0,31,2.012
adaptive,50,1048576,0,32,1.995
adaptive,50,1048576,0,33,2.771
adaptive,50,1048576,0,34,1.859
adaptive,50,1048576,0,35,2.687
adaptive,50,1048576,0,36,1.721
adaptive,50,1048576,0,37,1.979
adaptive,50,1048576,0,38,2.275
adaptive,50,1048576,0,39,2.137
adaptive,50,1048576,0,40,1.873
adaptive,50,1048576,0,41,2.174
adaptive,50,1048576,0,42,1.919
adaptive,50,1048576,0,43,1.874
adaptive,50,1048576,0,44,1.79
adaptive,50,1048576,0,45,2.04
adaptive,50,1048576,0,46,1.87
adaptive,50,1048576,0,47,2.071
adaptive,50,1048576,0,48,1.977
adaptive,50,1048576,0,49,1.908
adaptive,50,1048576,0,50,2.015
adaptive,50,1048576,0,51,1.879
adaptive,50,1048576,0,52,1.974
adaptive,50,1048576,0,53,1.914
adaptive,50,1048576,0,54,2.098
adaptive,50,1048576,0,55,1.853
adaptive,50,1048576,0,56,1.841
adaptive,50,1048576,0,57,2.067
adaptive,50,1048576,0,58,1.633
adaptive,50,1048576,0,59,1.917
adaptive,50,1048576,0,60,1.924
adaptive,50,1048576,0,61,1.917
adaptive,50,1048576,0,62,1.75
adaptive,50,1048576,0,63,2.361
adaptive,50,1048576,0,64,1.878
adaptive,50,1048576,0,65,2.703
adaptive,50,1048576,0,66,1.999
adaptive,50,1048576,0,67,2.005
adaptive,50,1048576,0,68,2.108
adaptive,50,1048576,0,69,1.84
adaptive,50,1048576,0,70,1.865
adaptive,50,1048576,0,71,1.889
adaptive,50,1048576,0,72,1.862
adaptive,50,1048576,0,73,2.0
adaptive,50,1048576,0,74,1.913
adaptive,50,1048576,0,75,1.853
adaptive,50,1048576,0,76,2.076
adaptive,50,1048576,0,77,1.973
adaptive,50,1048576,0,78,1.77
adaptive,50,1048576,0,79,1.862
adaptive,50,1048576,0,80,2.077
adaptive,50,1048576,0,81,1.919
adaptive,50,1048576,0,82,1.956
adaptive,50,1048576,0,83,1.844
adaptive,50,1048576,0,84,2.907
adaptive,50,1048576,0,85,1.887
adaptive,50,1048576,0,86,1.807
adaptive,50,1048576,0,87,2.19
adaptive,50,1048576,0,88,2.276
adaptive,50,1048576,0,89,1.866
adaptive,50,1048576,0,90,1.893
adaptive,50,1048576,0,91,2.185
adaptive,50,1048576,0,92,1.808
adaptive,50,1048576,0,93,1.8
adaptive,50,1048576,0,94,1.688
adaptive,50,1048576,0,95,2.346
adaptive,50,1048576,0,96,1.884
adaptive,50,1048576,0,97,2.004
adaptive,50,1048576,0,98,1.777
adaptive,50,1048576,0,99,2.002
adaptive,50,10240,1,0,0.67
adaptive,50,10240,1,1,0.506
adaptive,50,10240,1,2,0.29
adaptive,50,10240,1,3,0.25
adaptive,50,10240,1,4,0.264
adaptive,50,10240,1,5,0.298
adaptive,50,10240,1,6,0.264
adaptive,50,10240,1,7,0.279
adaptive,50,10240,1,8,0.347
adaptive,50,10240,1,9,0.248
adaptive,50,10240,1,10,0.25
adaptive,50,10240,1,11,0.252
adaptive,50,10240,1,12,0.253
adaptive,50,10240,1,13,0.255
adaptive,50,10240,1,14,0.296
adaptive,50,10240,1,15,0.287
adaptive,50,10240,1,16,0.238
adaptive,50,10240,1,17,0.257
adaptive,50,10240,1,18,0.256
adaptive,50,10240,1,19,0.256
adaptive,50,10240,1,20,0.25
adaptive,50,10240,1,21,0.257
adaptive,50,10240,1,22,0.242
adaptive,50,10240,1,23,0.263
adaptive,50,10240,1,24,0.255
adaptive,50,10240,1,25,0.253
adaptive,50,10240,1,26,0.244
adaptive,50,10240,1,27,0.289
adaptive,50,10240,1,28,0.236
adaptive,50,10240,1,29,0.257
adaptive,50,10240,1,30,0.257
adaptive,50,10240,1,31,0.258
adaptive,50,10240,1,32,0.246
adaptive,50,10240,1,33,0.252
adaptive,50,10240,1,34,0.276
adaptive,50,10240,1,35,0.297
adaptive,50,10240,1,36,0.266
adaptive,50,10240,1,37,0.253
adaptive,50,10240,1,38,0.254
adaptive,50,10240,1,39,0.252
adaptive,50,10240,1,40,0.29
adaptive,50,10240,1,41,0.229
adaptive,50,10240,1,42,0.266
adaptive,50,10240,1,43,0.265
adaptive,50,10240,1,44,0.254
adaptive,50,10240,1,45,0.254
adaptive,50,10240,1,46,0.25
adaptive,50,10240,1,47,0.246
adaptive,50,10240,1,48,0.295
adaptive,50,10240,1,49,0.271
adaptive,50,10240,1,50,0.321
adaptive,50,10240,1,51,0.3
adaptive,50,10240,1,52,0.243
adaptive,50,10240,1,53,0.296
adaptive,50,10240,1,54,0.23
adaptive,50,10240,1,55,0.259
adaptive,50,10240,1,56,0.249
adaptive,50,10240,1,57,0.255
adaptive,50,10240,1,58,0.254
adaptive,50,10240,1,59,0.25
adaptive,50,10240,1,60,0.263
adaptive,50,10240,1,61,0.256
adaptive,50,10240,1,62,0.252
adaptive,50,10240,1,63,0.275
adaptive,50,10240,1,64,0.313
adaptive,50,10240,1,65,0.251
adaptive,50,10240,1,66,0.287
adaptive,50,10240,1,67,0.231
adaptive,50,10240,1,68,0.347
adaptive,50,10240,1,69,0.251
adaptive,50,10240,1,70,0.256
adaptive,50,10240,1,71,0.258
adaptive,50,10240,1,72,0.25
adaptive,50,10240,1,73,0.251
adaptive,50,10240,1,74,0.25
adaptive,50,10240,1,75,0.247
adaptive,50,10240,1,76,0.243
adaptive,50,10240,1,77,0.239
adaptive,50,10240,1,78,0.179
adaptive,50,10240,1,79,0.147
adaptive,50,10240,1,80,0.134
adaptive,50,10240,1,81,0.152
adaptive,50,10240,1,82,0.133
adaptive,50,10240,1,83,0.249
adaptive,50,10240,1,84,0.135
adaptive,50,10240,1,85,0.13
adaptive,50,10240,1,86,0.129
adaptive,50,10240,1,87,0.13
adaptive,50,10240,1,88,0.13
adaptive,50,10240,1,89,0.132
adaptive,50,10240,1,90,0.132
adaptive,50,10240,1,91,0.131
adaptive,50,10240,1,92,0.13
adaptive,50,10240,1,93,0.134
adaptive,50,10240,1,94,0.133
adaptive,50,10240,1,95,0.148
adaptive,50,10240,1,96,0.128
adaptive,50,10240,1,97,0.128
adaptive,50,10240,1,98,0.127
adaptive,50,10240,1,99,0.156
adaptive,50,1048576,1,0,10.601
adaptive,50,1048576,1,1,10.233
adaptive,50,1048576,1,2,10.24
adaptive,50,1048576,1,3,9.9
adaptive,50,1048576,1,4,9.855
adaptive,50,1048576,1,5,1.917
adaptive,50,1048576,1,6,1.81
adaptive,50,1048576,1,7,1.825
adaptive,50,1048576,1,8,1.993
adaptive,50,1048576,1,9,1.835
adaptive,50,1048576,1,10,1.966
adaptive,50,1048576,1,11,2.174
adaptive,50,1048576,1,12,1.937
adaptive,50,1048576,1,13,1.869
adaptive,50,1048576,1,14,1.861
adaptive,50,1048576,1,15,1.853
adaptive,50,1048576,1,16,1.872
adaptive,50,1048576,1,17,1.877
adaptive,50,1048576,1,18,1.796
adaptive,50,1048576,1,19,1.928
adaptive,50,1048576,1,20,2.011
adaptive,50,1048576,1,21,1.61
adaptive,50,1048576,1,22,1.65
adaptive,50,1048576,1,23,1.813
adaptive,50,1048576,1,24,2.583
adaptive,50,1048576,1,25,2.012
adaptive,50,1048576,1,26,2.584
adaptive,50,1048576,1,27,2.103
adaptive,50,1048576,1,28,1.863
adaptive,50,1048576,1,29,2.505
adaptive,50,1048576,1,30,1.838
adaptive,50,1048576,1,31,1.962
adaptive,50,1048576,1,32,1.833
adaptive,50,1048576,1,33,1.823
adaptive,50,1048576,1,34,2.013
adaptive,50,1048576,1,35,1.929
adaptive,50,1048576,1,36,1.735
adaptive,50,1048576,1,37,1.915
adaptive,50,1048576,1,38,1.857
adaptive,50,1048576,1,39,1.995
adaptive,50,1048576,1,40,1.928
adaptive,50,1048576,1,41,1.835
adaptive,50,1048576,1,42,1.921
adaptive,50,1048576,1,43,1.866
adaptive,50,1048576,1,44,1.849
adaptive,50,1048576,1,45,2.031
adaptive,50,1048576,1,46,1.77
adaptive,50,1048576,1,47,1.849
adaptive,50,1048576,1,48,1.911
adaptive,50,1048576,1,49,1.708
adaptive,50,1048576,1,50,1.815
adaptive,50,1048576,1,51,1.815
adaptive,50,1048576,1,52,1.873
adaptive,50,1048576,1,53,1.933
adaptive,50,1048576,1,54,2.068
adaptive,50,1048576,1,55,1.986
adaptive,50,1048576,1,56,2.003
adaptive,50,1048576,1,57,1.791
adaptive,50,1048576,1,58,2.121
adaptive,50,1048576,1,59,1.825
adaptive,50,1048576,1,60,1.975
adaptive,50,1048576,1,61,2.012
adaptive,50,1048576,1,62,1.959
adaptive,50,1048576,1,63,2.034
adaptive,50,1048576,1,64,2.102
adaptive,50,1048576,1,65,2.188
adaptive,50,1048576,1,66,1.86
adaptive,50,1048576,1,67,1.959
adaptive,50,1048576,1,68,2.035
adaptive,50,1048576,1,69,2.087
adaptive,50,1048576,1,70,2.04
adaptive,50,1048576,1,71,1.753
adaptive,50,1048576,1,72,1.881
adaptive,50,1048576,1,73,2.746
adaptive,50,1048576,1,74,2.395
adaptive,50,1048576,1,75,1.908
adaptive,50,1048576,1,76,1.719
adaptive,50,1048576,1,77,1.942
adaptive,50,1048576,1,78,2.107
adaptive,50,1048576,1,79,2.045
adaptive,50,1048576,1,80,1.934
adaptive,50,1048576,1,81,1.91
adaptive,50,1048576,1,82,2.525
adaptive,50,1048576,1,83,1.896
adaptive,50,1048576,1,84,1.965
adaptive,50,1048576,1,85,1.927
adaptive,50,1048576,1,86,2.398
adaptive,50,1048576,1,87,1.802
adaptive,50,1048576,1,88,1.909
adaptive,50,1048576,1,89,2.109
adaptive,50,1048576,1,90,1.88
adaptive,50,1048576,1,91,1.856
adaptive,50,1048576,1,92,1.88
adaptive,50,1048576,1,93,2.72
adaptive,50,1048576,1,94,1.939
adaptive,50,1048576,1,95,1.89
adaptive,50,1048576,1,96,1.913
adaptive,50,1048576,1,97,2.054
adaptive,50,1048576,1,98,2.099
adaptive,50,1048576,1,99,1.945
adaptive,50,10240,2,0,0.423
adaptive,50,10240,2,1,0.678
adaptive,50,10240,2,2,0.186
adaptive,50,10240,2,3,0.139
adaptive,50,10240,2,4,0.13
adaptive,50,10240,2,5,0.126
adaptive,50,10240,2,6,0.124
adaptive,50,10240,2,7,0.124
adaptive,50,10240,2,8,0.127
adaptive,50,10240,2,9,0.124
adaptive,50,10240,2,10,0.125
adaptive,50,10240,2,11,0.181
adaptive,50,10240,2,12,0.263
adaptive,50,10240,2,13,0.243
adaptive,50,10240,2,14,0.28
adaptive,50,10240,2,15,0.255
adaptive,50,10240,2,16,0.28
adaptive,50,10240,2,17,0.225
adaptive,50,10240,2,18,0.264
adaptive,50,10240,2,19,0.208
adaptive,50,10240,2,20,0.265
adaptive,50,10240,2,21,0.145
adaptive,50,10240,2,22,0.131
adaptive,50,10240,2,23,0.126
adaptive,50,10240,2,24,0.124
adaptive,50,10240,2,25,0.124
adaptive,50,10240,2,26,0.127
adaptive,50,10240,2,27,0.124
adaptive,50,10240,2,28,0.123
adaptive,50,10240,2,29,0.123
adaptive,50,10240,2,30,0.136
adaptive,50,10240,2,31,0.148
adaptive,50,10240,2,32,0.135
adaptive,50,10240,2,33,0.126
adaptive,50,10240,2,34,0.129
adaptive,50,10240,2,35,0.125
adaptive,50,10240,2,36,0.123
adaptive,50,10240,2,37,0.124
adaptive,50,10240,2,38,0.126
adaptive,50,10240,2,39,0.124
adaptive,50,10240,2,40,0.123
adaptive,50,10240,2,41,0.123
adaptive,50,10240,2,42,0.124
adaptive,50,10240,2,43,0.123
adaptive,50,10240,2,44,0.21
adaptive,50,10240,2,45,0.213
adaptive,50,10240,2,46,0.249
adaptive,50,10240,2,47,0.232
adaptive,50,10240,2,48,0.24
adaptive,50,10240,2,49,0.24
adaptive,50,10240,2,50,0.153
adaptive,50,10240,2,51,0.136
adaptive,50,10240,2,52,0.13
adaptive,50,10240,2,53,0.159
adaptive,50,10240,2,54,0.13
adaptive,50,10240,2,55,0.126
adaptive,50,10240,2,56,0.124
adaptive,50,10240,2,57,0.123
adaptive,50,10240,2,58,0.123
adaptive,50,10240,2,59,0.123
adaptive,50,10240,2,60,0.125
adaptive,50,10240,2,61,0.123
adaptive,50,10240,2,62,0.123
adaptive,50,10240,2,63,0.123
adaptive,50,10240,2,64,0.123
adaptive,50,10240,2,65,0.123
adaptive,50,10240,2,66,0.135
adaptive,50,10240,2,67,0.126
adaptive,50,10240,2,68,0.124
adaptive,50,10240,2,69,0.123
adaptive,50,10240,2,70,0.123
adaptive,50,10240,2,71,0.123
adaptive,50,10240,2,72,0.191
adaptive,50,10240,2,73,0.14
adaptive,50,10240,2,74,0.154
adaptive,50,10240,2,75,0.134
adaptive,50,10240,2,76,0.132
adaptive,50,10240,2,77,0.126
adaptive,50,10240,2,78,0.125
adaptive,50,10240,2,79,0.131
adaptive,50,10240,2,80,0.125
adaptive,50,10240,2,81,0.124
adaptive,50,10240,2,82,0.124
adaptive,50,10240,2,83,0.123
adaptive,50,10240,2,84,0.124
adaptive,50,10240,2,85,0.123
adaptive,50,10240,2,86,0.123
adaptive,50,10240,2,87,0.241
adaptive,50,10240,2,88,0.144
adaptive,50,10240,2,89,0.174
adaptive,50,10240,2,90,0.138
adaptive,50,10240,2,91,0.128
adaptive,50,10240,2,92,0.125
adaptive,50,10240,2,93,0.124
adaptive,50,10240,2,94,0.124
adaptive,50,10240,2,95,0.128
adaptive,50,10240,2,96,0.125
adaptive,50,10240,2,97,0.124
adaptive,50,10240,2,98,0.123
adaptive,50,10240,2,99,0.123
adaptive,50,1048576,2,0,9.905
adaptive,50,1048576,2,1,10.044
adaptive,50,1048576,2,2,9.972
adaptive,50,1048576,2,3,10.02
adaptive,50,1048576,2,4,9.945
adaptive,50,1048576,2,5,2.018
adaptive,50,1048576,2,6,1.824
adaptive,50,1048576,2,7,1.889
adaptive,50,1048576,2,8,1.945
adaptive,50,1048576,2,9,1.916
adaptive,50,1048576,2,10,1.62
adaptive,50,1048576,2,11,1.99
adaptive,50,1048576,2,12,1.77
adaptive,50,1048576,2,13,1.865
adaptive,50,1048576,2,14,1.86
adaptive,50,1048576,2,15,1.951
adaptive,50,1048576,2,16,2.206
adaptive,50,1048576,2,17,1.961
adaptive,50,1048576,2,18,1.917
adaptive,50,1048576,2,19,1.731
adaptive,50,1048576,2,20,1.87
adaptive,50,1048576,2,21,1.797
adaptive,50,1048576,2,22,2.562
adaptive,50,1048576,2,23,2.025
adaptive,50,1048576,2,24,2.131
adaptive,50,1048576,2,25,2.027
adaptive,50,1048576,2,26,2.209
adaptive,50,1048576,2,27,1.974
adaptive,50,1048576,2,28,1.818
adaptive,50,1048576,2,29,2.136
adaptive,50,1048576,2,30,1.897
adaptive,50,1048576,2,31,1.954
adaptive,50,1048576,2,32,1.918
adaptive,50,1048576,2,33,1.971
adaptive,50,1048576,2,34,1.961
adaptive,50,1048576,2,35,2.06
adaptive,50,1048576,2,36,1.945
adaptive,50,1048576,2,37,1.986
adaptive,50,1048576,2,38,1.88
adaptive,50,1048576,2,39,1.947
adaptive,50,1048576,2,40,1.879
adaptive,50,1048576,2,41,1.882
adaptive,50,1048576,2,42,2.471
adaptive,50,1048576,2,43,1.776
adaptive,50,1048576,2,44,1.852
adaptive,50,1048576,2,45,1.812
adaptive,50,1048576,2,46,1.825
adaptive,50,1048576,2,47,1.966
adaptive,50,1048576,2,48,1.885
adaptive,50,1048576,2,49,1.922
adaptive,50,1048576,2,50,1.89
adaptive,50,1048576,2,51,2.325
adaptive,50,1048576,2,52,1.891
adaptive,50,1048576,2,53,1.775
adaptive,50,1048576,2,54,1.79
adaptive,50,1048576,2,55,1.794
adaptive,50,1048576,2,56,1.851
adaptive,50,1048576,2,57,2.082
adaptive,50,1048576,2,58,2.081
adaptive,50,1048576,2,59,2.001
adaptive,50,1048576,2,60,2.021
adaptive,50,1048576,2,61,2.112
adaptive,50,1048576,2,62,1.847
adaptive,50,1048576,2,63,1.885
adaptive,50,1048576,2,64,2.029
adaptive,50,1048576,2,65,2.043
adaptive,50,1048576,2,66,1.939
adaptive,50,1048576,2,67,2.251
adaptive,50,1048576,2,68,1.987
adaptive,50,1048576,2,69,2.075
adaptive,50,1048576,2,70,1.739
adaptive,50,1048576,2,71,1.854
adaptive,50,1048576,2,72,1.994
adaptive,50,1048576,2,73,2.128
adaptive,50,1048576,2,74,1.827
adaptive,50,1048576,2,75,1.893
adaptive,50,1048576,2,76,1.973
adaptive,50,1048576,2,77,1.733
adaptive,50,1048576,2,78,1.849
adaptive,50,1048576,2,79,1.9
adaptive,50,1048576,2,80,2.011
adaptive,50,1048576,2,81,1.869
adaptive,50,1048576,2,82,1.798
adaptive,50,1048576,2,83,1.989
adaptive,50,1048576,2,84,1.854
adaptive,50,1048576,2,85,1.873
adaptive,50,1048576,2,86,2.072
adaptive,50,1048576,2,87,2.017
adaptive,50,1048576,2,88,2.236
adaptive,50,1048576,2,89,1.984
adaptive,50,1048576,2,90,1.909
adaptive,50,1048576,2,91,1.707
adaptive,50,1048576,2,92,1.864
adaptive,50,1048576,2,93,2.014
adaptive,50,1048576,2,94,2.055
adaptive,50,1048576,2,95,1.857
adaptive,50,1048576,2,96,2.567
adaptive,50,1048576,2,97,2.053
adaptive,50,1048576,2,98,2.186
adaptive,50,1048576,2,99,1.862
native,50,10240,0,0,0.077
native,50,10240,0,1,0.028
native,50,10240,0,2,0.02
native,50,10240,0,3,0.019
native,50,10240,0,4,0.021
native,50,10240,0,5,0.02
native,50,10240,0,6,0.019
native,50,10240,0,7,0.019
native,50,10240,0,8,0.019
native,50,10240,0,9,0.019
native,50,10240,0,10,0.019
native,50,10240,0,11,0.031
native,50,10240,0,12,0.032
native,50,10240,0,13,0.031
native,50,10240,0,14,0.034
native,50,10240,0,15,0.023
native,50,10240,0,16,0.021
native,50,10240,0,17,0.02
native,50,10240,0,18,0.019
native,50,10240,0,19,0.019
native,50,10240,0,20,0.019
native,50,10240,0,21,0.019
native,50,10240,0,22,0.019
native,50,10240,0,23,0.02
native,50,10240,0,24,0.019
native,50,10240,0,25,0.019
native,50,10240,0,26,0.019
native,50,10240,0,27,0.019
native,50,10240,0,28,0.019
native,50,10240,0,29,0.019
native,50,10240,0,30,0.019
native,50,10240,0,31,0.019
native,50,10240,0,32,0.019
native,50,10240,0,33,0.019
native,50,10240,0,34,0.019
native,50,10240,0,35,0.019
native,50,10240,0,36,0.019
native,50,10240,0,37,0.02
native,50,10240,0,38,0.02
native,50,10240,0,39,0.019
native,50,10240,0,40,0.019
native,50,10240,0,41,0.019
native,50,10240,0,42,0.019
native,50,10240,0,43,0.019
native,50,10240,0,44,0.02
native,50,10240,0,45,0.019
native,50,10240,0,46,0.02
native,50,10240,0,47,0.019
native,50,10240,0,48,0.018
native,50,10240,0,49,0.018
native,50,10240,0,50,0.019
native,50,10240,0,51,0.018
native,50,10240,0,52,0.019
native,50,10240,0,53,0.019
native,50,10240,0,54,0.019
native,50,10240,0,55,0.019
native,50,10240,0,56,0.018
native,50,10240,0,57,0.019
native,50,10240,0,58,0.019
native,50,10240,0,59,0.02
native,50,10240,0,60,0.02
native,50,10240,0,61,0.019
native,50,10240,0,62,0.018
native,50,10240,0,63,0.019
native,50,10240,0,64,0.019
native,50,10240,0,65,0.019
native,50,10240,0,66,0.019
native,50,10240,0,67,0.019
native,50,10240,0,68,0.019
native,50,10240,0,69,0.019
native,50,10240,0,70,0.019
native,50,10240,0,71,0.018
native,50,10240,0,72,0.018
native,50,10240,0,73,0.02
native,50,10240,0,74,0.019
native,50,10240,0,75,0.018
native,50,10240,0,76,0.018
native,50,10240,0,77,0.018
native,50,10240,0,78,0.018
native,50,10240,0,79,0.018
native,50,10240,0,80,0.018
native,50,10240,0,81,0.019
native,50,10240,0,82,0.018
native,50,10240,0,83,0.018
native,50,10240,0,84,0.019
native,50,10240,0,85,0.019
native,50,10240,0,86,0.018
native,50,10240,0,87,0.018
native,50,10240,0,88,0.018
native,50,10240,0,89,0.018
native,50,10240,0,90,0.018
native,50,10240,0,91,0.018
native,50,10240,0,92,0.018
native,50,10240,0,93,0.018
native,50,10240,0,94,0.018
native,50,10240,0,95,0.019
native,50,10240,0,96,0.019
native,50,10240,0,97,0.018
native,50,10240,0,98,0.018
native,50,10240,0,99,0.019
native,50,1048576,0,0,0.944
native,50,1048576,0,1,0.943
native,50,1048576,0,2,0.998
native,50,1048576,0,3,0.92
native,50,1048576,0,4,0.924
native,50,1048576,0,5,0.913
native,50,1048576,0,6,0.92
native,50,1048576,0,7,0.949
native,50,1048576,0,8,0.939
native,50,1048576,0,9,0.917
native,50,1048576,0,10,0.93
native,50,1048576,0,11,0.926
native,50,1048576,0,12,0.907
native,50,1048576,0,13,0.923
native,50,1048576,0,14,0.92
native,50,1048576,0,15,0.923
native,50,1048576,0,16,0.906
native,50,1048576,0,17,1.008
native,50,1048576,0,18,0.947
native,50,1048576,0,19,0.93
native,50,1048576,0,20,0.923
native,50,1048576,0,21,0.945
native,50,1048576,0,22,0.903
native,50,1048576,0,23,0.977
native,50,1048576,0,24,0.907
native,50,1048576,0,25,0.935
native,50,1048576,0,26,0.915
native,50,1048576,0,27,0.931
native,50,1048576,0,28,0.911
native,50,1048576,0,29,0.916
native,50,1048576,0,30,0.899
native,50,1048576,0,31,0.901
native,50,1048576,0,32,0.944
native,50,1048576,0,33,0.938
native,50,1048576,0,34,0.931
native,50,1048576,0,35,0.925
native,50,1048576,0,36,1.517
native,50,1048576,0,37,0.936
native,50,1048576,0,38,0.948
native,50,1048576,0,39,0.941
native,50,1048576,0,40,0.953
native,50,1048576,0,41,0.941
native,50,1048576,0,42,0.914
native,50,1048576,0,43,0.925
native,50,1048576,0,44,1.154
native,50,1048576,0,45,0.92
native,50,1048576,0,46,1.0
native,50,1048576,0,47,0.936
native,50,1048576,0,48,0.927
native,50,1048576,0,49,0.913
native,50,1048576,0,50,0.894
native,50,1048576,0,51,0.92
native,50,1048576,0,52,0.917
native,50,1048576,0,53,0.919
native,50,1048576,0,54,0.918
native,50,1048576,0,55,0.921
native,50,1048576,0,56,0.927
native,50,1048576,0,57,0.92
native,50,1048576,0,58,0.957
native,50,1048576,0,59,0.944
native,50,1048576,0,60,0.953
native,50,1048576,0,61,0.947
native,50,1048576,0,62,0.921
native,50,1048576,0,63,0.93
native,50,1048576,0,64,0.931
native,50,1048576,0,65,0.914
native,50,1048576,0,66,0.91
native,50,1048576,0,67,0.91
native,50,1048576,0,68,0.901
native,50,1048576,0,69,0.921
native,50,1048576,0,70,0.899
native,50,1048576,0,71,0.908
native,50,1048576,0,72,0.908
native,50,1048576,0,73,0.937
native,50,1048576,0,74,1.099
native,50,1048576,0,75,0.927
native,50,1048576,0,76,0.954
native,50,1048576,0,77,0.954
native,50,1048576,0,78,0.965
native,50,1048576,0,79,0.918
native,50,1048576,0,80,0.912
native,50,1048576,0,81,0.924
native,50,1048576,0,82,0.969
native,50,1048576,0,83,0.927
native,50,1048576,0,84,0.943
native,50,1048576,0,85,0.934
native,50,1048576,0,86,0.938
native,50,1048576,0,87,0.931
native,50,1048576,0,88,0.922
native,50,1048576,0,89,0.948
native,50,1048576,0,90,0.955
native,50,1048576,0,91,0.908
native,50,1048576,0,92,1.562
native,50,1048576,0,93,0.968
native,50,1048576,0,94,0.989
native,50,1048576,0,95,0.917
native,50,1048576,0,96,0.93
native,50,1048576,0,97,0.92
native,50,1048576,0,98,0.992
native,50,1048576,0,99,0.971
native,50,10240,1,0,0.089
native,50,10240,1,1,0.042
native,50,10240,1,2,0.041
native,50,10240,1,3,0.035
native,50,10240,1,4,0.026
native,50,10240,1,5,0.019
native,50,10240,1,6,0.019
native,50,10240,1,7,0.019
native,50,10240,1,8,0.019
native,50,10240,1,9,0.019
native,50,10240,1,10,0.032
native,50,10240,1,11,0.035
native,50,10240,1,12,0.039
native,50,10240,1,13,0.033
native,50,10240,1,14,0.022
native,50,10240,1,15,0.028
native,50,10240,1,16,0.027
native,50,10240,1,17,0.02
native,50,10240,1,18,0.019
native,50,10240,1,19,0.019
native,50,10240,1,20,0.019
native,50,10240,1,21,0.019
native,50,10240,1,22,0.019
native,50,10240,1,23,0.019
native,50,10240,1,24,0.018
native,50,10240,1,25,0.027
native,50,10240,1,26,0.023
native,50,10240,1,27,0.02
native,50,10240,1,28,0.019
native,50,10240,1,29,0.019
native,50,10240,1,30,0.019
native,50,10240,1,31,0.019
native,50,10240,1,32,0.029
native,50,10240,1,33,0.019
native,50,10240,1,34,0.019
native,50,10240,1,35,0.019
native,50,10240,1,36,0.019
native,50,10240,1,37,0.019
native,50,10240,1,38,0.019
native,50,10240,1,39,0.028
native,50,10240,1,40,0.033
native,50,10240,1,41,0.033
native,50,10240,1,42,0.034
native,50,10240,1,43,0.021
native,50,10240,1,44,0.021
native,50,10240,1,45,0.028
native,50,10240,1,46,0.031
native,50,10240,1,47,0.028
native,50,10240,1,48,0.028
native,50,10240,1,49,0.032
native,50,10240,1,50,0.021
native,50,10240,1,51,0.023
native,50,10240,1,52,0.019
native,50,10240,1,53,0.021
native,50,10240,1,54,0.043
native,50,10240,1,55,0.019
native,50,10240,1,56,0.019
native,50,10240,1,57,0.02
native,50,10240,1,58,0.019
native,50,10240,1,59,0.019
native,50,10240,1,60,0.028
native,50,10240,1,61,0.022
native,50,10240,1,62,0.02
native,50,10240,1,63,0.018
native,50,10240,1,64,0.019
native,50,10240,1,65,0.019
native,50,10240,1,66,0.018
native,50,10240,1,67,0.018
native,50,10240,1,68,0.019
native,50,10240,1,69,0.019
native,50,10240,1,70,0.018
native,50,10240,1,71,0.018
native,50,10240,1,72,0.018
native,50,10240,1,73,0.018
native,50,10240,1,74,0.02
native,50,10240,1,75,0.019
native,50,10240,1,76,0.019
native,50,10240,1,77,0.019
native,50,10240,1,78,0.03
native,50,10240,1,79,0.031
native,50,10240,1,80,0.03
native,50,10240,1,81,0.028
native,50,10240,1,82,0.037
native,50,10240,1,83,0.021
native,50,10240,1,84,0.019
native,50,10240,1,85,0.019
native,50,10240,1,86,0.019
native,50,10240,1,87,0.019
native,50,10240,1,88,0.031
native,50,10240,1,89,0.019
native,50,10240,1,90,0.019
native,50,10240,1,91,0.019
native,50,10240,1,92,0.019
native,50,10240,1,93,0.019
native,50,10240,1,94,0.019
native,50,10240,1,95,0.019
native,50,10240,1,96,0.019
native,50,10240,1,97,0.019
native,50,10240,1,98,0.019
native,50,10240,1,99,0.029
native,50,1048576,1,0,0.977
native,50,1048576,1,1,1.031
native,50,1048576,1,2,0.953
native,50,1048576,1,3,0.941
native,50,1048576,1,4,0.991
native,50,1048576,1,5,0.929
native,50,1048576,1,6,1.017
native,50,1048576,1,7,0.953
native,50,1048576,1,8,0.931
native,50,1048576,1,9,0.931
native,50,1048576,1,10,0.964
native,50,1048576,1,11,0.914
native,50,1048576,1,12,0.981
native,50,1048576,1,13,0.939
native,50,1048576,1,14,0.925
native,50,1048576,1,15,0.962
native,50,1048576,1,16,0.993
native,50,1048576,1,17,1.372
native,50,1048576,1,18,0.961
native,50,1048576,1,19,0.946
native,50,1048576,1,20,1.082
native,50,1048576,1,21,0.967
native,50,1048576,1,22,1.032
native,50,1048576,1,23,0.965
native,50,1048576,1,24,1.072
native,50,1048576,1,25,0.974
native,50,1048576,1,26,0.959
native,50,1048576,1,27,0.93
native,50,1048576,1,28,0.914
native,50,1048576,1,29,0.931
native,50,1048576,1,30,0.948
native,50,1048576,1,31,0.97
native,50,1048576,1,32,0.922
native,50,1048576,1,33,1.049
native,50,1048576,1,34,0.929
native,50,1048576,1,35,0.915
native,50,1048576,1,36,0.929
native,50,1048576,1,37,0.922
native,50,1048576,1,38,0.961
native,50,1048576,1,39,0.917
native,50,1048576,1,40,0.926
native,50,1048576,1,41,0.934
native,50,1048576,1,42,0.944
native,50,1048576,1,43,0.959
native,50,1048576,1,44,0.946
native,50,1048576,1,45,1.341
native,50,1048576,1,46,0.983
native,50,1048576,1,47,0.929
native,50,1048576,1,48,0.935
native,50,1048576,1,49,0.934
native,50,1048576,1,50,0.949
native,50,1048576,1,51,0.946
native,50,1048576,1,52,0.949
native,50,1048576,1,53,0.927
native,50,1048576,1,54,0.909
native,50,1048576,1,55,0.916
native,50,1048576,1,56,0.913
native,50,1048576,1,57,0.931
native,50,1048576,1,58,0.932
native,50,1048576,1,59,0.907
native,50,1048576,1,60,0.921
native,50,1048576,1,61,0.901
native,50,1048576,1,62,0.916
native,50,1048576,1,63,0.906
native,50,1048576,1,64,0.918
native,50,1048576,1,65,0.899
native,50,1048576,1,66,0.925
native,50,1048576,1,67,0.918
native,50,1048576,1,68,0.894
native,50,1048576,1,69,0.927
native,50,1048576,1,70,0.945
native,50,1048576,1,71,0.966
native,50,1048576,1,72,0.902
native,50,1048576,1,73,0.904
native,50,1048576,1,74,0.951
native,50,1048576,1,75,1.14
native,50,1048576,1,76,1.004
native,50,1048576,1,77,0.971
native,50,1048576,1,78,0.949
native,50,1048576,1,79,0.953
native,50,1048576,1,80,0.923
native,50,1048576,1,81,0.959
native,50,1048576,1,82,0.97
native,50,1048576,1,83,0.943
native,50,1048576,1,84,0.995
native,50,1048576,1,85,1.074
native,50,1048576,1,86,0.94
native,50,1048576,1,87,0.979
native,50,1048576,1,88,0.998
native,50,1048576,1,89,0.948
native,50,1048576,1,90,0.969
native,50,1048576,1,91,1.042
native,50,1048576,1,92,1.104
native,50,1048576,1,93,0.943
native,50,1048576,1,94,0.949
native,50,1048576,1,95,0.946
native,50,1048576,1,96,0.976
native,50,1048576,1,97,0.937
native,50,1048576,1,98,0.957
native,50,1048576,1,99,0.933
native,50,10240,2,0,0.086
native,50,10240,2,1,0.028
native,50,10240,2,2,0.02
native,50,10240,2,3,0.019
native,50,10240,2,4,0.02
native,50,10240,2,5,0.019
native,50,10240,2,6,0.02
native,50,10240,2,7,0.019
native,50,10240,2,8,0.019
native,50,10240,2,9,0.02
native,50,10240,2,10,0.026
native,50,10240,2,11,0.028
native,50,10240,2,12,0.039
native,50,10240,2,13,0.031
native,50,10240,2,14,0.029
native,50,10240,2,15,0.029
native,50,10240,2,16,0.031
native,50,10240,2,17,0.021
native,50,10240,2,18,0.019
native,50,10240,2,19,0.02
native,50,10240,2,20,0.019
native,50,10240,2,21,0.018
native,50,10240,2,22,0.019
native,50,10240,2,23,0.019
native,50,10240,2,24,0.019
native,50,10240,2,25,0.021
native,50,10240,2,26,0.019
native,50,10240,2,27,0.019
native,50,10240,2,28,0.018
native,50,10240,2,29,0.018
native,50,10240,2,30,0.03
native,50,10240,2,31,0.02
native,50,10240,2,32,0.019
native,50,10240,2,33,0.027
native,50,10240,2,34,0.019
native,50,10240,2,35,0.02
native,50,10240,2,36,0.019
native,50,10240,2,37,0.019
native,50,10240,2,38,0.019
native,50,10240,2,39,0.019
native,50,10240,2,40,0.019
native,50,10240,2,41,0.019
native,50,10240,2,42,0.019
native,50,10240,2,43,0.019
native,50,10240,2,44,0.02
native,50,10240,2,45,0.019
native,50,10240,2,46,0.019
native,50,10240,2,47,0.02
native,50,10240,2,48,0.02
native,50,10240,2,49,0.019
native,50,10240,2,50,0.019
native,50,10240,2,51,0.019
native,50,10240,2,52,0.019
native,50,10240,2,53,0.019
native,50,10240,2,54,0.019
native,50,10240,2,55,0.019
native,50,10240,2,56,0.019
native,50,10240,2,57,0.019
native,50,10240,2,58,0.023
native,50,10240,2,59,0.022
native,50,10240,2,60,0.019
native,50,10240,2,61,0.02
native,50,10240,2,62,0.02
native,50,10240,2,63,0.019
native,50,10240,2,64,0.019
native,50,10240,2,65,0.022
native,50,10240,2,66,0.022
native,50,10240,2,67,0.019
native,50,10240,2,68,0.019
native,50,10240,2,69,0.019
native,50,10240,2,70,0.019
native,50,10240,2,71,0.019
native,50,10240,2,72,0.019
native,50,10240,2,73,0.019
native,50,10240,2,74,0.019
native,50,10240,2,75,0.019
native,50,10240,2,76,0.019
native,50,10240,2,77,0.019
native,50,10240,2,78,0.019
native,50,10240,2,79,0.019
native,50,10240,2,80,0.019
native,50,10240,2,81,0.019
native,50,10240,2,82,0.019
native,50,10240,2,83,0.019
native,50,10240,2,84,0.019
native,50,10240,2,85,0.019
native,50,10240,2,86,0.02
native,50,10240,2,87,0.019
native,50,10240,2,88,0.019
native,50,10240,2,89,0.019
native,50,10240,2,90,0.019
native,50,10240,2,91,0.019
native,50,10240,2,92,0.019
native,50,10240,2,93,0.019
native,50,10240,2,94,0.019
native,50,10240,2,95,0.019
native,50,10240,2,96,0.019
native,50,10240,2,97,0.019
native,50,10240,2,98,0.019
native,50,10240,2,99,0.019
native,50,1048576,2,0,0.967
native,50,1048576,2,1,0.944
native,50,1048576,2,2,0.999
native,50,1048576,2,3,0.941
native,50,1048576,2,4,0.915
native,50,1048576,2,5,1.104
native,50,1048576,2,6,0.974
native,50,1048576,2,7,0.942
native,50,1048576,2,8,0.958
native,50,1048576,2,9,0.931
native,50,1048576,2,10,0.923
native,50,1048576,2,11,1.002
native,50,1048576,2,12,0.949
native,50,1048576,2,13,0.948
native,50,1048576,2,14,0.93
native,50,1048576,2,15,0.918
native,50,1048576,2,16,1.049
native,50,1048576,2,17,0.937
native,50,1048576,2,18,0.934
native,50,1048576,2,19,1.52
native,50,1048576,2,20,0.954
native,50,1048576,2,21,0.958
native,50,1048576,2,22,0.95
native,50,1048576,2,23,0.933
native,50,1048576,2,24,0.99
native,50,1048576,2,25,0.922
native,50,1048576,2,26,1.048
native,50,1048576,2,27,0.956
native,50,1048576,2,28,0.913
native,50,1048576,2,29,1.058
native,50,1048576,2,30,1.076
native,50,1048576,2,31,0.945
native,50,1048576,2,32,0.967
native,50,1048576,2,33,0.92
native,50,1048576,2,34,0.944
native,50,1048576,2,35,0.957
native,50,1048576,2,36,1.445
native,50,1048576,2,37,0.967
native,50,1048576,2,38,0.933
native,50,1048576,2,39,0.954
native,50,1048576,2,40,1.259
native,50,1048576,2,41,0.949
native,50,1048576,2,42,0.921
native,50,1048576,2,43,0.928
native,50,1048576,2,44,0.941
native,50,1048576,2,45,0.954
native,50,1048576,2,46,0.921
native,50,1048576,2,47,0.937
native,50,1048576,2,48,0.942
native,50,1048576,2,49,0.95
native,50,1048576,2,50,0.932
native,50,1048576,2,51,0.932
native,50,1048576,2,52,0.943
native,50,1048576,2,53,0.936
native,50,1048576,2,54,0.959
native,50,1048576,2,55,1.149
native,50,1048576,2,56,0.979
native,50,1048576,2,57,0.926
native,50,1048576,2,58,0.955
native,50,1048576,2,59,0.938
native,50,1048576,2,60,1.044
native,50,1048576,2,61,0.919
native,50,1048576,2,62,0.944
native,50,1048576,2,63,0.932
native,50,1048576,2,64,0.93
native,50,1048576,2,65,0.945
native,50,1048576,2,66,0.929
native,50,1048576,2,67,0.952
native,50,1048576,2,68,0.916
native,50,1048576,2,69,0.953
native,50,1048576,2,70,0.92
native,50,1048576,2,71,0.944
native,50,1048576,2,72,0.93
native,50,1048576,2,73,0.922
native,50,1048576,2,74,0.911
native,50,1048576,2,75,0.92
native,50,1048576,2,76,0.919
native,50,1048576,2,77,0.91
native,50,1048576,2,78,0.904
native,50,1048576,2,79,0.928
native,50,1048576,2,80,0.927
native,50,1048576,2,81,0.933
native,50,1048576,2,82,0.916
native,50,1048576,2,83,0.902
native,50,1048576,2,84,0.915
native,50,1048576,2,85,1.405
native,50,1048576,2,86,0.97
native,50,1048576,2,87,0.956
native,50,1048576,2,88,0.931
native,50,1048576,2,89,1.295
native,50,1048576,2,90,0.938
native,50,1048576,2,91,0.922
native,50,1048576,2,92,0.923
native,50,1048576,2,93,0.931
native,50,1048576,2,94,0.931
native,50,1048576,2,95,0.939
native,50,1048576,2,96,0.904
native,50,1048576,2,97,0.923
native,50,1048576,2,98,0.93
native,50,1048576,2,99,0.936
wasm2c,50,10240,0,0,0.306
wasm2c,50,10240,0,1,0.146
wasm2c,50,10240,0,2,0.133
wasm2c,50,10240,0,3,0.128
wasm2c,50,10240,0,4,0.126
wasm2c,50,10240,0,5,0.134
wasm2c,50,10240,0,6,0.129
wasm2c,50,10240,0,7,0.183
wasm2c,50,10240,0,8,0.174
wasm2c,50,10240,0,9,0.174
wasm2c,50,10240,0,10,0.173
wasm2c,50,10240,0,11,0.174
wasm2c,50,10240,0,12,0.172
wasm2c,50,10240,0,13,0.183
wasm2c,50,10240,0,14,0.135
wasm2c,50,10240,0,15,0.121
wasm2c,50,10240,0,16,0.12
wasm2c,50,10240,0,17,0.119
wasm2c,50,10240,0,18,0.125
wasm2c,50,10240,0,19,0.125
wasm2c,50,10240,0,20,0.125
wasm2c,50,10240,0,21,0.125
wasm2c,50,10240,0,22,0.125
wasm2c,50,10240,0,23,0.126
wasm2c,50,10240,0,24,0.125
wasm2c,50,10240,0,25,0.162
wasm2c,50,10240,0,26,0.125
wasm2c,50,10240,0,27,0.12
wasm2c,50,10240,0,28,0.193
wasm2c,50,10240,0,29,0.171
wasm2c,50,10240,0,30,0.212
wasm2c,50,10240,0,31,0.145
wasm2c,50,10240,0,32,0.121
wasm2c,50,10240,0,33,0.119
wasm2c,50,10240,0,34,0.119
wasm2c,50,10240,0,35,0.119
wasm2c,50,10240,0,36,0.12
wasm2c,50,10240,0,37,0.12
wasm2c,50,10240,0,38,0.119
wasm2c,50,10240,0,39,0.119
wasm2c,50,10240,0,40,0.119
wasm2c,50,10240,0,41,0.131
wasm2c,50,10240,0,42,0.119
wasm2c,50,10240,0,43,0.119
wasm2c,50,10240,0,44,0.119
wasm2c,50,10240,0,45,0.118
wasm2c,50,10240,0,46,0.119
wasm2c,50,10240,0,47,0.119
wasm2c,50,10240,0,48,0.119
wasm2c,50,10240,0,49,0.119
wasm2c,50,10240,0,50,0.119
wasm2c,50,10240,0,51,0.121
wasm2c,50,10240,0,52,0.128
wasm2c,50,10240,0,53,0.12
wasm2c,50,10240,0,54,0.119
wasm2c,50,10240,0,55,0.119
wasm2c,50,10240,0,56,0.119
wasm2c,50,10240,0,57,0.119
wasm2c,50,10240,0,58,0.119
wasm2c,50,10240,0,59,0.119
wasm2c,50,10240,0,60,0.119
wasm2c,50,10240,0,61,0.12
wasm2c,50,10240,0,62,0.119
wasm2c,50,10240,0,63,0.119
wasm2c,50,10240,0,64,0.119
wasm2c,50,10240,0,65,0.119
wasm2c,50,10240,0,66,0.18
wasm2c,50,10240,0,67,0.173
wasm2c,50,10240,0,68,0.174
wasm2c,50,10240,0,69,0.172
wasm2c,50,10240,0,70,0.178
wasm2c,50,10240,0,71,0.181
wasm2c,50,10240,0,72,0.127
wasm2c,50,10240,0,73,0.12
wasm2c,50,10240,0,74,0.119
wasm2c,50,10240,0,75,0.119
wasm2c,50,10240,0,76,0.119
wasm2c,50,10240,0,77,0.119
wasm2c,50,10240,0,78,0.119
wasm2c,50,10240,0,79,0.12
wasm2c,50,10240,0,80,0.119
wasm2c,50,10240,0,81,0.143
wasm2c,50,10240,0,82,0.12
wasm2c,50,10240,0,83,0.127
wasm2c,50,10240,0,84,0.127
wasm2c,50,10240,0,85,0.124
wasm2c,50,10240,0,86,0.126
wasm2c,50,10240,0,87,0.125
wasm2c,50,10240,0,88,0.173
wasm2c,50,10240,0,89,0.221
wasm2c,50,10240,0,90,0.197
wasm2c,50,10240,0,91,0.21
wasm2c,50,10240,0,92,0.175
wasm2c,50,10240,0,93,0.173
wasm2c,50,10240,0,94,0.171
wasm2c,50,10240,0,95,0.172
wasm2c,50,10240,0,96,0.171
wasm2c,50,10240,0,97,0.171
wasm2c,50,10240,0,98,0.171
wasm2c,50,10240,0,99,0.142
wasm2c,50,1048576,0,0,14.91
wasm2c,50,1048576,0,1,10.096
wasm2c,50,1048576,0,2,9.827
wasm2c,50,1048576,0,3,10.004
wasm2c,50,1048576,0,4,10.834
wasm2c,50,1048576,0,5,10.247
wasm2c,50,1048576,0,6,9.864
wasm2c,50,1048576,0,7,9.854
wasm2c,50,1048576,0,8,10.282
wasm2c,50,1048576,0,9,10.038
wasm2c,50,1048576,0,10,9.955
wasm2c,50,1048576,0,11,9.967
wasm2c,50,1048576,0,12,9.93
wasm2c,50,1048576,0,13,9.921
wasm2c,50,1048576,0,14,10.023
wasm2c,50,1048576,0,15,9.883
wasm2c,50,1048576,0,16,9.923
wasm2c,50,1048576,0,17,10.179
wasm2c,50,1048576,0,18,9.958
wasm2c,50,1048576,0,19,9.911
wasm2c,50,1048576,0,20,9.897
wasm2c,50,1048576,0,21,9.985
wasm2c,50,1048576,0,22,10.687
wasm2c,50,1048576,0,23,10.064
wasm2c,50,1048576,0,24,10.222
wasm2c,50,1048576,0,25,10.119
wasm2c,50,1048576,0,26,9.901
wasm2c,50,1048576,0,27,9.928
wasm2c,50,1048576,0,28,9.932
wasm2c,50,1048576,0,29,10.28
wasm2c,50,1048576,0,30,10.45
wasm2c,50,1048576,0,31,10.008
wasm2c,50,1048576,0,32,10.35
wasm2c,50,1048576,0,33,10.112
wasm2c,50,1048576,0,34,11.589
wasm2c,50,1048576,0,35,10.689
wasm2c,50,1048576,0,36,10.284
wasm2c,50,1048576,0,37,10.587
wasm2c,50,1048576,0,38,11.417
wasm2c,50,1048576,0,39,10.846
wasm2c,50,1048576,0,40,11.3
wasm2c,50,1048576,0,41,12.962
wasm2c,50,1048576,0,42,11.905
wasm2c,50,1048576,0,43,12.933
wasm2c,50,1048576,0,44,9.96
wasm2c,50,1048576,0,45,10.309
wasm2c,50,1048576,0,46,9.934
wasm2c,50,1048576,0,47,9.903
wasm2c,50,1048576,0,48,9.857
wasm2c,50,1048576,0,49,9.815
wasm2c,50,1048576,0,50,9.834
wasm2c,50,1048576,0,51,9.797
wasm2c,50,1048576,0,52,10.53
wasm2c,50,1048576,0,53,9.991
wasm2c,50,1048576,0,54,9.896
wasm2c,50,1048576,0,55,9.841
wasm2c,50,1048576,0,56,9.869
wasm2c,50,1048576,0,57,9.877
wasm2c,50,1048576,0,58,9.928
wasm2c,50,1048576,0,59,9.889
wasm2c,50,1048576,0,60,10.261
wasm2c,50,1048576,0,61,9.88
wasm2c,50,1048576,0,62,9.86
wasm2c,50,1048576,0,63,12.693
wasm2c,50,1048576,0,64,10.43
wasm2c,50,1048576,0,65,10.007
wasm2c,50,1048576,0,66,9.985
wasm2c,50,1048576,0,67,9.92
wasm2c,50,1048576,0,68,10.111
wasm2c,50,1048576,0,69,10.271
wasm2c,50,1048576,0,70,10.586
wasm2c,50,1048576,0,71,10.732
wasm2c,50,1048576,0,72,10.056
wasm2c,50,1048576,0,73,10.127
wasm2c,50,1048576,0,74,10.139
wasm2c,50,1048576,0,75,9.908
wasm2c,50,1048576,0,76,9.845
wasm2c,50,1048576,0,77,9.868
wasm2c,50,1048576,0,78,9.832
wasm2c,50,1048576,0,79,10.011
wasm2c,50,1048576,0,80,9.912
wasm2c,50,1048576,0,81,9.897
wasm2c,50,1048576,0,82,9.871
wasm2c,50,1048576,0,83,9.855
wasm2c,50,1048576,0,84,10.533
wasm2c,50,1048576,0,85,9.985
wasm2c,50,1048576,0,86,10.02
wasm2c,50,1048576,0,87,9.951
wasm2c,50,1048576,0,88,10.222
wasm2c,50,1048576,0,89,9.992
wasm2c,50,1048576,0,90,10.458
wasm2c,50,1048576,0,91,9.835
wasm2c,50,1048576,0,92,9.818
wasm2c,50,1048576,0,93,9.83
wasm2c,50,1048576,0,94,9.809
wasm2c,50,1048576,0,95,10.141
wasm2c,50,1048576,0,96,9.905
wasm2c,50,1048576,0,97,9.869
wasm2c,50,1048576,0,98,9.85
wasm2c,50,1048576,0,99,10.007
wasm2c,50,10240,1,0,0.314
wasm2c,50,10240,1,1,0.144
wasm2c,50,10240,1,2,0.143
wasm2c,50,10240,1,3,0.127
wasm2c,50,10240,1,4,0.153
wasm2c,50,10240,1,5,0.192
wasm2c,50,10240,1,6,0.141
wasm2c,50,10240,1,7,0.16
wasm2c,50,10240,1,8,0.124
wasm2c,50,10240,1,9,0.123
wasm2c,50,10240,1,10,0.125
wasm2c,50,10240,1,11,0.176
wasm2c,50,10240,1,12,0.125
wasm2c,50,10240,1,13,0.122
wasm2c,50,10240,1,14,0.121
wasm2c,50,10240,1,15,0.121
wasm2c,50,10240,1,16,0.122
wasm2c,50,10240,1,17,0.122
wasm2c,50,10240,1,18,0.123
wasm2c,50,10240,1,19,0.122
wasm2c,50,10240,1,20,0.122
wasm2c,50,10240,1,21,0.122
wasm2c,50,10240,1,22,0.121
wasm2c,50,10240,1,23,0.122
wasm2c,50,10240,1,24,0.122
wasm2c,50,10240,1,25,0.122
wasm2c,50,10240,1,26,0.16
wasm2c,50,10240,1,27,0.141
wasm2c,50,10240,1,28,0.151
wasm2c,50,10240,1,29,0.126
wasm2c,50,10240,1,30,0.124
wasm2c,50,10240,1,31,0.124
wasm2c,50,10240,1,32,0.121
wasm2c,50,10240,1,33,0.121
wasm2c,50,10240,1,34,0.122
wasm2c,50,10240,1,35,0.121
wasm2c,50,10240,1,36,0.121
wasm2c,50,10240,1,37,0.121
wasm2c,50,10240,1,38,0.126
wasm2c,50,10240,1,39,0.153
wasm2c,50,10240,1,40,0.125
wasm2c,50,10240,1,41,0.12
wasm2c,50,10240,1,42,0.12
wasm2c,50,10240,1,43,0.119
wasm2c,50,10240,1,44,0.12
wasm2c,50,10240,1,45,0.122
wasm2c,50,10240,1,46,0.12
wasm2c,50,10240,1,47,0.119
wasm2c,50,10240,1,48,0.12
wasm2c,50,10240,1,49,0.122
wasm2c,50,10240,1,50,0.12
wasm2c,50,10240,1,51,0.12
wasm2c,50,10240,1,52,0.12
wasm2c,50,10240,1,53,0.119
wasm2c,50,10240,1,54,0.12
wasm2c,50,10240,1,55,0.119
wasm2c,50,10240,1,56,0.12
wasm2c,50,10240,1,57,0.12
wasm2c,50,10240,1,58,0.121
wasm2c,50,10240,1,59,0.122
wasm2c,50,10240,1,60,0.12
wasm2c,50,10240,1,61,0.121
wasm2c,50,10240,1,62,0.12
wasm2c,50,10240,1,63,0.119
wasm2c,50,10240,1,64,0.119
wasm2c,50,10240,1,65,0.18
wasm2c,50,10240,1,66,0.172
wasm2c,50,10240,1,67,0.172
wasm2c,50,10240,1,68,0.173
wasm2c,50,10240,1,69,0.17
wasm2c,50,10240,1,70,0.17
wasm2c,50,10240,1,71,0.17
wasm2c,50,10240,1,72,0.17
wasm2c,50,10240,1,73,0.171
wasm2c,50,10240,1,74,0.171
wasm2c,50,10240,1,75,0.171
wasm2c,50,10240,1,76,0.17
wasm2c,50,10240,1,77,0.171
wasm2c,50,10240,1,78,0.171
wasm2c,50,10240,1,79,0.17
wasm2c,50,10240,1,80,0.171
wasm2c,50,10240,1,81,0.173
wasm2c,50,10240,1,82,0.171
wasm2c,50,10240,1,83,0.171
wasm2c,50,10240,1,84,0.171
wasm2c,50,10240,1,85,0.171
wasm2c,50,10240,1,86,0.171
wasm2c,50,10240,1,87,0.17
wasm2c,50,10240,1,88,0.172
wasm2c,50,10240,1,89,0.17
wasm2c,50,10240,1,90,0.173
wasm2c,50,10240,1,91,0.189
wasm2c,50,10240,1,92,0.178
wasm2c,50,10240,1,93,0.173
wasm2c,50,10240,1,94,0.173
wasm2c,50,10240,1,95,0.172
wasm2c,50,10240,1,96,0.171
wasm2c,50,10240,1,97,0.172
wasm2c,50,10240,1,98,0.172
wasm2c,50,10240,1,99,0.146
wasm2c,50,1048576,1,0,9.958
wasm2c,50,1048576,1,1,9.949
wasm2c,50,1048576,1,2,10.005
wasm2c,50,1048576,1,3,10.794
wasm2c,50,1048576,1,4,11.325
wasm2c,50,1048576,1,5,10.092
wasm2c,50,1048576,1,6,10.281
wasm2c,50,1048576,1,7,10.146
wasm2c,50,1048576,1,8,10.104
wasm2c,50,1048576,1,9,14.107
wasm2c,50,1048576,1,10,10.172
wasm2c,50,1048576,1,11,15.144
wasm2c,50,1048576,1,12,12.21
wasm2c,50,1048576,1,13,9.893
wasm2c,50,1048576,1,14,9.921
wasm2c,50,1048576,1,15,9.928
wasm2c,50,1048576,1,16,10.674
wasm2c,50,1048576,1,17,10.04
wasm2c,50,1048576,1,18,13.421
wasm2c,50,1048576,1,19,9.903
wasm2c,50,1048576,1,20,9.834
wasm2c,50,1048576,1,21,9.95
wasm2c,50,1048576,1,22,9.89
wasm2c,50,1048576,1,23,9.891
wasm2c,50,1048576,1,24,10.501
wasm2c,50,1048576,1,25,10.168
wasm2c,50,1048576,1,26,10.019
wasm2c,50,1048576,1,27,10.241
wasm2c,50,1048576,1,28,10.223
wasm2c,50,1048576,1,29,9.945
wasm2c,50,1048576,1,30,9.979
wasm2c,50,1048576,1,31,12.078
wasm2c,50,1048576,1,32,9.963
wasm2c,50,1048576,1,33,9.942
wasm2c,50,1048576,1,34,9.862
wasm2c,50,1048576,1,35,9.932
wasm2c,50,1048576,1,36,9.899
wasm2c,50,1048576,1,37,9.863
wasm2c,50,1048576,1,38,9.835
wasm2c,50,1048576,1,39,9.851
wasm2c,50,1048576,1,40,9.795
wasm2c,50,1048576,1,41,9.87
wasm2c,50,1048576,1,42,9.898
wasm2c,50,1048576,1,43,9.928
wasm2c,50,1048576,1,44,9.873
wasm2c,50,1048576,1,45,9.872
wasm2c,50,1048576,1,46,10.725
wasm2c,50,1048576,1,47,10.912
wasm2c,50,1048576,1,48,10.239
wasm2c,50,1048576,1,49,10.116
wasm2c,50,1048576,1,50,9.921
wasm2c,50,1048576,1,51,9.878
wasm2c,50,1048576,1,52,9.88
wasm2c,50,1048576,1,53,9.881
wasm2c,50,1048576,1,54,9.928
wasm2c,50,1048576,1,55,9.86
wasm2c,50,1048576,1,56,9.864
wasm2c,50,1048576,1,57,9.837
wasm2c,50,1048576,1,58,9.921
wasm2c,50,1048576,1,59,9.894
wasm2c,50,1048576,1,60,9.842
wasm2c,50,1048576,1,61,9.867
wasm2c,50,1048576,1,62,9.932
wasm2c,50,1048576,1,63,9.852
wasm2c,50,1048576,1,64,10.274
wasm2c,50,1048576,1,65,10.05
wasm2c,50,1048576,1,66,10.651
wasm2c,50,1048576,1,67,10.549
wasm2c,50,1048576,1,68,10.36
wasm2c,50,1048576,1,69,10.042
wasm2c,50,1048576,1,70,9.919
wasm2c,50,1048576,1,71,10.263
wasm2c,50,1048576,1,72,10.922
wasm2c,50,1048576,1,73,10.398
wasm2c,50,1048576,1,74,12.251
wasm2c,50,1048576,1,75,9.907
wasm2c,50,1048576,1,76,10.558
wasm2c,50,1048576,1,77,9.908
wasm2c,50,1048576,1,78,9.883
wasm2c,50,1048576,1,79,9.819
wasm2c,50,1048576,1,80,9.844
wasm2c,50,1048576,1,81,9.874
wasm2c,50,1048576,1,82,9.86
wasm2c,50,1048576,1,83,9.89
wasm2c,50,1048576,1,84,9.9
wasm2c,50,1048576,1,85,9.841
wasm2c,50,1048576,1,86,9.884
wasm2c,50,1048576,1,87,11.134
wasm2c,50,1048576,1,88,10.178
wasm2c,50,1048576,1,89,10.396
wasm2c,50,1048576,1,90,9.846
wasm2c,50,1048576,1,91,9.787
wasm2c,50,1048576,1,92,9.798
wasm2c,50,1048576,1,93,9.843
wasm2c,50,1048576,1,94,9.802
wasm2c,50,1048576,1,95,9.816
wasm2c,50,1048576,1,96,9.854
wasm2c,50,1048576,1,97,9.821
wasm2c,50,1048576,1,98,9.845
wasm2c,50,1048576,1,99,9.84
wasm2c,50,10240,2,0,0.31
wasm2c,50,10240,2,1,0.142
wasm2c,50,10240,2,2,0.129
wasm2c,50,10240,2,3,0.124
wasm2c,50,10240,2,4,0.121
wasm2c,50,10240,2,5,0.131
wasm2c,50,10240,2,6,0.122
wasm2c,50,10240,2,7,0.12
wasm2c,50,10240,2,8,0.125
wasm2c,50,10240,2,9,0.12
wasm2c,50,10240,2,10,0.119
wasm2c,50,10240,2,11,0.119
wasm2c,50,10240,2,12,0.119
wasm2c,50,10240,2,13,0.119
wasm2c,50,10240,2,14,0.119
wasm2c,50,10240,2,15,0.121
wasm2c,50,10240,2,16,0.119
wasm2c,50,10240,2,17,0.119
wasm2c,50,10240,2,18,0.119
wasm2c,50,10240,2,19,0.119
wasm2c,50,10240,2,20,0.119
wasm2c,50,10240,2,21,0.119
wasm2c,50,10240,2,22,0.119
wasm2c,50,10240,2,23,0.119
wasm2c,50,10240,2,24,0.119
wasm2c,50,10240,2,25,0.12
wasm2c,50,10240,2,26,0.119
wasm2c,50,10240,2,27,0.119
wasm2c,50,10240,2,28,0.119
wasm2c,50,10240,2,29,0.119
wasm2c,50,10240,2,30,0.119
wasm2c,50,10240,2,31,0.119
wasm2c,50,10240,2,32,0.119
wasm2c,50,10240,2,33,0.119
wasm2c,50,10240,2,34,0.119
wasm2c,50,10240,2,35,0.134
wasm2c,50,10240,2,36,0.126
wasm2c,50,10240,2,37,0.125
wasm2c,50,10240,2,38,0.125
wasm2c,50,10240,2,39,0.125
wasm2c,50,10240,2,40,0.124
wasm2c,50,10240,2,41,0.124
wasm2c,50,10240,2,42,0.125
wasm2c,50,10240,2,43,0.124
wasm2c,50,10240,2,44,0.131
wasm2c,50,10240,2,45,0.125
wasm2c,50,10240,2,46,0.124
wasm2c,50,10240,2,47,0.124
wasm2c,50,10240,2,48,0.124
wasm2c,50,10240,2,49,0.125
wasm2c,50,10240,2,50,0.125
wasm2c,50,10240,2,51,0.125
wasm2c,50,10240,2,52,0.124
wasm2c,50,10240,2,53,0.125
wasm2c,50,10240,2,54,0.126
wasm2c,50,10240,2,55,0.124
wasm2c,50,10240,2,56,0.124
wasm2c,50,10240,2,57,0.124
wasm2c,50,10240,2,58,0.124
wasm2c,50,10240,2,59,0.125
wasm2c,50,10240,2,60,0.124
wasm2c,50,10240,2,61,0.124
wasm2c,50,10240,2,62,0.124
wasm2c,50,10240,2,63,0.124
wasm2c,50,10240,2,64,0.126
wasm2c,50,10240,2,65,0.124
wasm2c,50,10240,2,66,0.124
wasm2c,50,10240,2,67,0.125
wasm2c,50,10240,2,68,0.124
wasm2c,50,10240,2,69,0.124
wasm2c,50,10240,2,70,0.124
wasm2c,50,10240,2,71,0.124
wasm2c,50,10240,2,72,0.124
wasm2c,50,10240,2,73,0.151
wasm2c,50,10240,2,74,0.125
wasm2c,50,10240,2,75,0.12
wasm2c,50,10240,2,76,0.124
wasm2c,50,10240,2,77,0.124
wasm2c,50,10240,2,78,0.125
wasm2c,50,10240,2,79,0.124
wasm2c,50,10240,2,80,0.124
wasm2c,50,10240,2,81,0.125
wasm2c,50,10240,2,82,0.124
wasm2c,50,10240,2,83,0.128
wasm2c,50,10240,2,84,0.124
wasm2c,50,10240,2,85,0.124
wasm2c,50,10240,2,86,0.124
wasm2c,50,10240,2,87,0.125
wasm2c,50,10240,2,88,0.124
wasm2c,50,10240,2,89,0.124
wasm2c,50,10240,2,90,0.124
wasm2c,50,10240,2,91,0.123
wasm2c,50,10240,2,92,0.13
wasm2c,50,10240,2,93,0.125
wasm2c,50,10240,2,94,0.124
wasm2c,50,10240,2,95,0.124
wasm2c,50,10240,2,96,0.124
wasm2c,50,10240,2,97,0.124
wasm2c,50,10240,2,98,0.124
wasm2c,50,10240,2,99,0.124
wasm2c,50,1048576,2,0,10.09
wasm2c,50,1048576,2,1,9.919
wasm2c,50,1048576,2,2,9.953
wasm2c,50,1048576,2,3,10.488
wasm2c,50,1048576,2,4,10.226
wasm2c,50,1048576,2,5,10.482
wasm2c,50,1048576,2,6,10.184
wasm2c,50,1048576,2,7,10.374
wasm2c,50,1048576,2,8,10.615
wasm2c,50,1048576,2,9,10.474
wasm2c,50,1048576,2,10,10.578
wasm2c,50,1048576,2,11,10.754
wasm2c,50,1048576,2,12,10.66
wasm2c,50,1048576,2,13,10.446
wasm2c,50,1048576,2,14,10.578
wasm2c,50,1048576,2,15,10.025
wasm2c,50,1048576,2,16,9.992
wasm2c,50,1048576,2,17,10.722
wasm2c,50,1048576,2,18,9.974
wasm2c,50,1048576,2,19,9.911
wasm2c,50,1048576,2,20,9.867
wasm2c,50,1048576,2,21,9.913
wasm2c,50,1048576,2,22,9.839
wasm2c,50,1048576,2,23,9.878
wasm2c,50,1048576,2,24,9.884
wasm2c,50,1048576,2,25,9.844
wasm2c,50,1048576,2,26,9.836
wasm2c,50,1048576,2,27,9.861
wasm2c,50,1048576,2,28,9.881
wasm2c,50,1048576,2,29,10.351
wasm2c,50,1048576,2,30,9.869
wasm2c,50,1048576,2,31,9.864
wasm2c,50,1048576,2,32,9.869
wasm2c,50,1048576,2,33,9.864
wasm2c,50,1048576,2,34,9.906
wasm2c,50,1048576,2,35,10.022
wasm2c,50,1048576,2,36,9.936
wasm2c,50,1048576,2,37,9.889
wasm2c,50,1048576,2,38,9.905
wasm2c,50,1048576,2,39,9.864
wasm2c,50,1048576,2,40,9.894
wasm2c,50,1048576,2,41,10.386
wasm2c,50,1048576,2,42,9.854
wasm2c,50,1048576,2,43,9.831
wasm2c,50,1048576,2,44,9.844
wasm2c,50,1048576,2,45,9.811
wasm2c,50,1048576,2,46,9.908
wasm2c,50,1048576,2,47,9.867
wasm2c,50,1048576,2,48,9.877
wasm2c,50,1048576,2,49,9.874
wasm2c,50,1048576,2,50,10.062
wasm2c,50,1048576,2,51,10.366
wasm2c,50,1048576,2,52,11.093
wasm2c,50,1048576,2,53,10.69
wasm2c,50,1048576,2,54,9.999
wasm2c,50,1048576,2,55,10.481
wasm2c,50,1048576,2,56,11.649
wasm2c,50,1048576,2,57,11.217
wasm2c,50,1048576,2,58,10.616
wasm2c,50,1048576,2,59,10.149
wasm2c,50,1048576,2,60,10.211
wasm2c,50,1048576,2,61,10.08
wasm2c,50,1048576,2,62,11.07
wasm2c,50,1048576,2,63,11.166
wasm2c,50,1048576,2,64,10.035
wasm2c,50,1048576,2,65,10.198
wasm2c,50,1048576,2,66,10.215
wasm2c,50,1048576,2,67,10.179
wasm2c,50,1048576,2,68,10.384
wasm2c,50,1048576,2,69,10.67
wasm2c,50,1048576,2,70,9.989
wasm2c,50,1048576,2,71,9.835
wasm2c,50,1048576,2,72,9.836
wasm2c,50,1048576,2,73,9.809
wasm2c,50,1048576,2,74,9.845
wasm2c,50,1048576,2,75,9.832
wasm2c,50,1048576,2,76,9.81
wasm2c,50,1048576,2,77,9.914
wasm2c,50,1048576,2,78,9.922
wasm2c,50,1048576,2,79,10.176
wasm2c,50,1048576,2,80,9.865
wasm2c,50,1048576,2,81,10.045
wasm2c,50,1048576,2,82,9.893
wasm2c,50,1048576,2,83,9.87
wasm2c,50,1048576,2,84,10.502
wasm2c,50,1048576,2,85,9.89
wasm2c,50,1048576,2,86,9.903
wasm2c,50,1048576,2,87,9.862
wasm2c,50,1048576,2,88,9.833
wasm2c,50,1048576,2,89,9.866
wasm2c,50,1048576,2,90,9.802
wasm2c,50,1048576,2,91,9.84
wasm2c,50,1048576,2,92,9.856
wasm2c,50,1048576,2,93,9.972
wasm2c,50,1048576,2,94,9.925
wasm2c,50,1048576,2,95,10.227
wasm2c,50,1048576,2,96,9.898
wasm2c,50,1048576,2,97,9.912
wasm2c,50,1048576,2,98,10.572
wasm2c,50,1048576,2,99,9.866
process,25,10240,0,0,1.207
process,25,10240,0,1,0.859
process,25,10240,0,2,0.635
process,25,10240,0,3,0.573
process,25,10240,0,4,0.639
process,25,10240,0,5,0.579
process,25,10240,0,6,0.65
process,25,10240,0,7,0.759
process,25,10240,0,8,0.599
process,25,10240,0,9,0.765
process,25,10240,0,10,0.625
process,25,10240,0,11,0.598
process,25,10240,0,12,0.657
process,25,10240,0,13,0.661
process,25,10240,0,14,0.65
process,25,10240,0,15,0.588
process,25,10240,0,16,0.544
process,25,10240,0,17,0.6
process,25,10240,0,18,0.541
process,25,10240,0,19,0.582
process,25,10240,0,20,0.77
process,25,10240,0,21,0.85
process,25,10240,0,22,0.636
process,25,10240,0,23,0.664
process,25,10240,0,24,0.789
process,25,10240,0,25,0.689
process,25,10240,0,26,0.669
process,25,10240,0,27,0.677
process,25,10240,0,28,0.566
process,25,10240,0,29,0.719
process,25,10240,0,30,0.54
process,25,10240,0,31,0.607
process,25,10240,0,32,0.736
process,25,10240,0,33,0.71
process,25,10240,0,34,0.613
process,25,10240,0,35,0.757
process,25,10240,0,36,0.775
process,25,10240,0,37,0.606
process,25,10240,0,38,0.544
process,25,10240,0,39,0.633
process,25,10240,0,40,0.525
process,25,10240,0,41,0.529
process,25,10240,0,42,0.613
process,25,10240,0,43,0.798
process,25,10240,0,44,0.834
process,25,10240,0,45,1.212
process,25,10240,0,46,0.704
process,25,10240,0,47,0.555
process,25,10240,0,48,0.522
process,25,10240,0,49,0.545
process,25,10240,0,50,0.493
process,25,10240,0,51,0.579
process,25,10240,0,52,0.67
process,25,10240,0,53,0.61
process,25,10240,0,54,0.696
process,25,10240,0,55,0.895
process,25,10240,0,56,0.88
process,25,10240,0,57,0.722
process,25,10240,0,58,0.932
process,25,10240,0,59,0.709
process,25,10240,0,60,0.712
process,25,10240,0,61,0.625
process,25,10240,0,62,0.559
process,25,10240,0,63,0.622
process,25,10240,0,64,0.579
process,25,10240,0,65,0.642
process,25,10240,0,66,0.84
process,25,10240,0,67,0.646
process,25,10240,0,68,0.603
process,25,10240,0,69,0.799
process,25,10240,0,70,0.508
process,25,10240,0,71,0.59
process,25,10240,0,72,0.535
process,25,10240,0,73,0.548
process,25,10240,0,74,0.546
process,25,10240,0,75,0.577
process,25,10240,0,76,0.584
process,25,10240,0,77,0.769
process,25,10240,0,78,0.884
process,25,10240,0,79,0.589
process,25,10240,0,80,0.642
process,25,10240,0,81,0.8
process,25,10240,0,82,0.569
process,25,10240,0,83,0.584
process,25,10240,0,84,0.639
process,25,10240,0,85,0.566
process,25,10240,0,86,0.58
process,25,10240,0,87,0.553
process,25,10240,0,88,0.599
process,25,10240,0,89,0.822
process,25,10240,0,90,0.87
process,25,10240,0,91,0.681
process,25,10240,0,92,0.627
process,25,10240,0,93,0.806
process,25,10240,0,94,0.63
process,25,10240,0,95,0.525
process,25,10240,0,96,0.573
process,25,10240,0,97,0.549
process,25,10240,0,98,0.598
process,25,10240,0,99,0.563
process,25,1048576,0,0,1.8
process,25,1048576,0,1,1.758
process,25,1048576,0,2,1.718
process,25,1048576,0,3,1.876
process,25,1048576,0,4,1.786
process,25,1048576,0,5,2.047
process,25,1048576,0,6,1.909
process,25,1048576,0,7,1.852
process,25,1048576,0,8,2.004
process,25,1048576,0,9,1.84
process,25,1048576,0,10,1.846
process,25,1048576,0,11,1.924
process,25,1048576,0,12,1.844
process,25,1048576,0,13,1.653
process,25,1048576,0,14,1.698
process,25,1048576,0,15,1.756
process,25,1048576,0,16,1.687
process,25,1048576,0,17,1.674
process,25,1048576,0,18,1.703
process,25,1048576,0,19,1.841
process,25,1048576,0,20,1.812
process,25,1048576,0,21,2.132
process,25,1048576,0,22,1.749
process,25,1048576,0,23,1.823
process,25,1048576,0,24,1.767
process,25,1048576,0,25,1.919
process,25,1048576,0,26,1.741
process,25,1048576,0,27,1.648
process,25,1048576,0,28,1.859
process,25,1048576,0,29,1.732
process,25,1048576,0,30,1.641
process,25,1048576,0,31,2.297
process,25,1048576,0,32,1.763
process,25,1048576,0,33,1.9
process,25,1048576,0,34,1.648
process,25,1048576,0,35,1.667
process,25,1048576,0,36,1.666
process,25,1048576,0,37,1.827
process,25,1048576,0,38,1.754
process,25,1048576,0,39,1.988
process,25,1048576,0,40,2.567
process,25,1048576,0,41,2.137
process,25,1048576,0,42,1.921
process,25,1048576,0,43,1.677
process,25,1048576,0,44,1.764
process,25,1048576,0,45,1.799
process,25,1048576,0,46,1.988
process,25,1048576,0,47,1.873
process,25,1048576,0,48,1.835
process,25,1048576,0,49,1.79
process,25,1048576,0,50,1.672
process,25,1048576,0,51,1.768
process,25,1048576,0,52,1.803
process,25,1048576,0,53,1.864
process,25,1048576,0,54,1.886
process,25,1048576,0,55,1.808
process,25,1048576,0,56,1.889
process,25,1048576,0,57,2.563
process,25,1048576,0,58,1.736
process,25,1048576,0,59,1.798
process,25,1048576,0,60,1.958
process,25,1048576,0,61,1.719
process,25,1048576,0,62,1.648
process,25,1048576,0,63,1.65
process,25,1048576,0,64,1.836
process,25,1048576,0,65,1.649
process,25,1048576,0,66,1.647
process,25,1048576,0,67,1.839
process,25,1048576,0,68,1.729
process,25,1048576,0,69,1.759
process,25,1048576,0,70,1.706
process,25,1048576,0,71,1.946
process,25,1048576,0,72,1.805
process,25,1048576,0,73,1.699
process,25,1048576,0,74,1.79
process,25,1048576,0,75,1.957
process,25,1048576,0,76,1.949
process,25,1048576,0,77,1.642
process,25,1048576,0,78,1.881
process,25,1048576,0,79,1.689
process,25,1048576,0,80,1.881
process,25,1048576,0,81,2.486
process,25,1048576,0,82,2.033
process,25,1048576,0,83,1.88
process,25,1048576,0,84,1.667
process,25,1048576,0,85,1.932
process,25,1048576,0,86,1.94
process,25,1048576,0,87,1.657
process,25,1048576,0,88,2.045
process,25,1048576,0,89,1.722
process,25,1048576,0,90,1.806
process,25,1048576,0,91,1.777
process,25,1048576,0,92,1.961
process,25,1048576,0,93,1.808
process,25,1048576,0,94,2.65
process,25,1048576,0,95,1.716
process,25,1048576,0,96,1.881
process,25,1048576,0,97,1.728
process,25,1048576,0,98,2.114
process,25,1048576,0,99,1.849
process,25,10240,1,0,0.613
process,25,10240,1,1,0.605
process,25,10240,1,2,0.582
process,25,10240,1,3,0.593
process,25,10240,1,4,0.594
process,25,10240,1,5,0.536
process,25,10240,1,6,0.546
process,25,10240,1,7,0.549
process,25,10240,1,8,0.516
process,25,10240,1,9,0.515
process,25,10240,1,10,0.489
process,25,10240,1,11,0.525
process,25,10240,1,12,0.531
process,25,10240,1,13,0.502
process,25,10240,1,14,0.621
process,25,10240,1,15,0.602
process,25,10240,1,16,0.506
process,25,10240,1,17,0.477
process,25,10240,1,18,0.524
process,25,10240,1,19,0.518
process,25,10240,1,20,0.516
process,25,10240,1,21,0.51
process,25,10240,1,22,0.528
process,25,10240,1,23,0.527
process,25,10240,1,24,0.545
process,25,10240,1,25,0.524
process,25,10240,1,26,0.627
process,25,10240,1,27,0.622
process,25,10240,1,28,0.505
process,25,10240,1,29,0.581
process,25,10240,1,30,0.549
process,25,10240,1,31,0.604
process,25,10240,1,32,0.601
process,25,10240,1,33,0.611
process,25,10240,1,34,0.552
process,25,10240,1,35,0.548
process,25,10240,1,36,0.529
process,25,10240,1,37,0.564
process,25,10240,1,38,0.587
process,25,10240,1,39,0.695
process,25,10240,1,40,0.591
process,25,10240,1,41,0.608
process,25,10240,1,42,0.577
process,25,10240,1,43,0.529
process,25,10240,1,44,0.614
process,25,10240,1,45,0.539
process,25,10240,1,46,0.548
process,25,10240,1,47,0.593
process,25,10240,1,48,0.484
process,25,10240,1,49,0.536
process,25,10240,1,50,0.544
process,25,10240,1,51,0.64
process,25,10240,1,52,0.563
process,25,10240,1,53,0.609
process,25,10240,1,54,0.623
process,25,10240,1,55,0.633
process,25,10240,1,56,0.525
process,25,10240,1,57,0.538
process,25,10240,1,58,0.496
process,25,10240,1,59,0.609
process,25,10240,1,60,0.568
process,25,10240,1,61,0.553
process,25,10240,1,62,0.541
process,25,10240,1,63,0.562
process,25,10240,1,64,0.588
process,25,10240,1,65,0.581
process,25,10240,1,66,0.609
process,25,10240,1,67,0.649
process,25,10240,1,68,0.6
process,25,10240,1,69,0.586
process,25,10240,1,70,0.618
process,25,10240,1,71,0.732
process,25,10240,1,72,0.681
process,25,10240,1,73,0.604
process,25,10240,1,74,0.558
process,25,10240,1,75,0.668
process,25,10240,1,76,0.556
process,25,10240,1,77,0.664
process,25,10240,1,78,0.633
process,25,10240,1,79,0.612
process,25,10240,1,80,0.726
process,25,10240,1,81,0.609
process,25,10240,1,82,0.665
process,25,10240,1,83,0.933
process,25,10240,1,84,0.535
process,25,10240,1,85,0.619
process,25,10240,1,86,0.714
process,25,10240,1,87,0.622
process,25,10240,1,88,0.686
process,25,10240,1,89,0.667
process,25,10240,1,90,0.549
process,25,10240,1,91,0.737
process,25,10240,1,92,1.233
process,25,10240,1,93,1.414
process,25,10240,1,94,0.679
process,25,10240,1,95,0.597
process,25,10240,1,96,0.606
process,25,10240,1,97,0.538
process,25,10240,1,98,0.81
process,25,10240,1,99,0.738
process,25,1048576,1,0,1.775
process,25,1048576,1,1,2.117
process,25,1048576,1,2,1.858
process,25,1048576,1,3,2.199
process,25,1048576,1,4,1.644
process,25,1048576,1,5,1.525
process,25,1048576,1,6,1.717
process,25,1048576,1,7,1.866
process,25,1048576,1,8,1.593
process,25,1048576,1,9,1.771
process,25,1048576,1,10,1.67
process,25,1048576,1,11,1.903
process,25,1048576,1,12,1.846
process,25,1048576,1,13,1.738
process,25,1048576,1,14,1.679
process,25,1048576,1,15,1.722
process,25,1048576,1,16,1.842
process,25,1048576,1,17,1.943
process,25,1048576,1,18,1.811
process,25,1048576,1,19,1.755
process,25,1048576,1,20,1.694
process,25,1048576,1,21,1.683
process,25,1048576,1,22,2.064
process,25,1048576,1,23,2.138
process,25,1048576,1,24,1.996
process,25,1048576,1,25,1.723
process,25,1048576,1,26,1.741
process,25,1048576,1,27,1.821
process,25,1048576,1,28,1.82
process,25,1048576,1,29,1.726
process,25,1048576,1,30,1.794
process,25,1048576,1,31,1.748
process,25,1048576,1,32,1.749
process,25,1048576,1,33,1.728
process,25,1048576,1,34,1.805
process,25,1048576,1,35,1.735
process,25,1048576,1,36,1.773
process,25,1048576,1,37,2.035
process,25,1048576,1,38,1.845
process,25,1048576,1,39,1.933
process,25,1048576,1,40,1.907
process,25,1048576,1,41,1.908
process,25,1048576,1,42,1.971
process,25,1048576,1,43,1.72
process,25,1048576,1,44,2.302
process,25,1048576,1,45,1.882
process,25,1048576,1,46,1.684
process,25,1048576,1,47,2.287
process,25,1048576,1,48,1.628
process,25,1048576,1,49,1.645
process,25,1048576,1,50,2.714
process,25,1048576,1,51,1.921
process,25,1048576,1,52,1.849
process,25,1048576,1,53,1.8
process,25,1048576,1,54,1.999
process,25,1048576,1,55,1.782
process,25,1048576,1,56,1.873
process,25,1048576,1,57,1.669
process,25,1048576,1,58,1.817
process,25,1048576,1,59,1.646
process,25,1048576,1,60,1.827
process,25,1048576,1,61,1.622
process,25,1048576,1,62,1.853
process,25,1048576,1,63,1.602
process,25,1048576,1,64,1.815
process,25,1048576,1,65,1.773
process,25,1048576,1,66,1.682
process,25,1048576,1,67,1.94
process,25,1048576,1,68,2.453
process,25,1048576,1,69,1.918
process,25,1048576,1,70,1.876
process,25,1048576,1,71,1.757
process,25,1048576,1,72,1.758
process,25,1048576,1,73,1.809
process,25,1048576,1,74,1.828
process,25,1048576,1,75,1.99
process,25,1048576,1,76,1.8
process,25,1048576,1,77,1.869
process,25,1048576,1,78,2.365
process,25,1048576,1,79,1.921
process,25,1048576,1,80,1.673
process,25,1048576,1,81,1.748
process,25,1048576,1,82,1.678
process,25,1048576,1,83,1.618
process,25,1048576,1,84,1.778
process,25,1048576,1,85,1.771
process,25,1048576,1,86,1.723
process,25,1048576,1,87,1.909
process,25,1048576,1,88,1.597
process,25,1048576,1,89,1.729
process,25,1048576,1,90,1.874
process,25,1048576,1,91,1.529
process,25,1048576,1,92,1.765
process,25,1048576,1,93,1.657
process,25,1048576,1,94,1.968
process,25,1048576,1,95,1.662
process,25,1048576,1,96,1.556
process,25,1048576,1,97,1.76
process,25,1048576,1,98,2.69
process,25,1048576,1,99,1.725
process,25,10240,2,0,0.589
process,25,10240,2,1,0.86
process,25,10240,2,2,1.142
process,25,10240,2,3,0.737
process,25,10240,2,4,0.646
process,25,10240,2,5,0.59
process,25,10240,2,6,0.584
process,25,10240,2,7,0.643
process,25,10240,2,8,0.584
process,25,10240,2,9,0.575
process,25,10240,2,10,0.638
process,25,10240,2,11,0.557
process,25,10240,2,12,0.547
process,25,10240,2,13,0.556
process,25,10240,2,14,4.607
process,25,10240,2,15,0.632
process,25,10240,2,16,0.565
process,25,10240,2,17,0.512
process,25,10240,2,18,0.577
process,25,10240,2,19,0.547
process,25,10240,2,20,0.58
process,25,10240,2,21,0.583
process,25,10240,2,22,0.571
process,25,10240,2,23,0.64
process,25,10240,2,24,0.745
process,25,10240,2,25,0.674
process,25,10240,2,26,0.606
process,25,10240,2,27,0.597
process,25,10240,2,28,0.577
process,25,10240,2,29,0.603
process,25,10240,2,30,0.607
process,25,10240,2,31,0.57
process,25,10240,2,32,0.532
process,25,10240,2,33,0.503
process,25,10240,2,34,0.561
process,25,10240,2,35,0.569
process,25,10240,2,36,0.619
process,25,10240,2,37,0.649
process,25,10240,2,38,0.619
process,25,10240,2,39,0.684
process,25,10240,2,40,0.625
process,25,10240,2,41,0.627
process,25,10240,2,42,0.603
process,25,10240,2,43,0.625
process,25,10240,2,44,0.599
process,25,10240,2,45,0.581
process,25,10240,2,46,0.565
process,25,10240,2,47,0.627
process,25,10240,2,48,0.605
process,25,10240,2,49,0.573
process,25,10240,2,50,0.544
process,25,10240,2,51,0.557
process,25,10240,2,52,0.576
process,25,10240,2,53,0.612
process,25,10240,2,54,0.61
process,25,10240,2,55,0.608
process,25,10240,2,56,0.565
process,25,10240,2,57,0.576
process,25,10240,2,58,0.53
process,25,10240,2,59,0.513
process,25,10240,2,60,0.516
process,25,10240,2,61,0.506
process,25,10240,2,62,0.533
process,25,10240,2,63,0.49
process,25,10240,2,64,0.516
process,25,10240,2,65,0.518
process,25,10240,2,66,0.555
process,25,10240,2,67,0.506
process,25,10240,2,68,0.516
process,25,10240,2,69,0.523
process,25,10240,2,70,0.549
process,25,10240,2,71,0.511
process,25,10240,2,72,0.519
process,25,10240,2,73,0.625
process,25,10240,2,74,0.557
process,25,10240,2,75,0.514
process,25,10240,2,76,0.651
process,25,10240,2,77,0.616
process,25,10240,2,78,0.587
process,25,10240,2,79,0.535
process,25,10240,2,80,0.531
process,25,10240,2,81,0.505
process,25,10240,2,82,0.534
process,25,10240,2,83,0.728
process,25,10240,2,84,0.605
process,25,10240,2,85,0.577
process,25,10240,2,86,0.606
process,25,10240,2,87,0.503
process,25,10240,2,88,0.537
process,25,10240,2,89,0.662
process,25,10240,2,90,0.523
process,25,10240,2,91,0.504
process,25,10240,2,92,0.528
process,25,10240,2,93,0.51
process,25,10240,2,94,0.515
process,25,10240,2,95,0.51
process,25,10240,2,96,0.551
process,25,10240,2,97,0.526
process,25,10240,2,98,0.579
process,25,10240,2,99,0.581
process,25,1048576,2,0,1.602
process,25,1048576,2,1,1.792
process,25,1048576,2,2,2.479
process,25,1048576,2,3,1.704
process,25,1048576,2,4,1.753
process,25,1048576,2,5,1.712
process,25,1048576,2,6,1.8
process,25,1048576,2,7,1.686
process,25,1048576,2,8,1.812
process,25,1048576,2,9,1.707
process,25,1048576,2,10,1.899
process,25,1048576,2,11,1.764
process,25,1048576,2,12,1.839
process,25,1048576,2,13,1.77
process,25,1048576,2,14,1.657
process,25,1048576,2,15,1.754
process,25,1048576,2,16,1.735
process,25,1048576,2,17,1.74
process,25,1048576,2,18,1.833
process,25,1048576,2,19,1.795
process,25,1048576,2,20,1.773
process,25,1048576,2,21,1.647
process,25,1048576,2,22,1.674
process,25,1048576,2,23,1.711
process,25,1048576,2,24,1.724
process,25,1048576,2,25,1.772
process,25,1048576,2,26,1.701
process,25,1048576,2,27,1.917
process,25,1048576,2,28,1.703
process,25,1048576,2,29,1.693
process,25,1048576,2,30,1.859
process,25,1048576,2,31,1.725
process,25,1048576,2,32,1.801
process,25,1048576,2,33,1.865
process,25,1048576,2,34,1.982
process,25,1048576,2,35,1.861
process,25,1048576,2,36,2.347
process,25,1048576,2,37,1.837
process,25,1048576,2,38,2.331
process,25,1048576,2,39,1.73
process,25,1048576,2,40,2.102
process,25,1048576,2,41,1.849
process,25,1048576,2,42,2.77
process,25,1048576,2,43,2.065
process,25,1048576,2,44,1.806
process,25,1048576,2,45,1.836
process,25,1048576,2,46,1.93
process,25,1048576,2,47,1.889
process,25,1048576,2,48,1.796
process,25,1048576,2,49,1.808
process,25,1048576,2,50,1.837
process,25,1048576,2,51,1.919
process,25,1048576,2,52,1.954
process,25,1048576,2,53,1.804
process,25,1048576,2,54,1.831
process,25,1048576,2,55,2.084
process,25,1048576,2,56,1.777
process,25,1048576,2,57,1.754
process,25,1048576,2,58,1.731
process,25,1048576,2,59,2.301
process,25,1048576,2,60,1.628
process,25,1048576,2,61,1.851
process,25,1048576,2,62,1.721
process,25,1048576,2,63,1.664
process,25,1048576,2,64,1.835
process,25,1048576,2,65,1.675
process,25,1048576,2,66,1.797
process,25,1048576,2,67,1.847
process,25,1048576,2,68,1.727
process,25,1048576,2,69,1.72
process,25,1048576,2,70,1.667
process,25,1048576,2,71,1.865
process,25,1048576,2,72,1.653
process,25,1048576,2,73,1.808
process,25,1048576,2,74,1.958
process,25,1048576,2,75,1.852
process,25,1048576,2,76,1.788
process,25,1048576,2,77,1.932
process,25,1048576,2,78,1.632
process,25,1048576,2,79,1.678
process,25,1048576,2,80,2.315
process,25,1048576,2,81,1.765
process,25,1048576,2,82,1.896
process,25,1048576,2,83,1.873
process,25,1048576,2,84,1.821
process,25,1048576,2,85,1.765
process,25,1048576,2,86,1.907
process,25,1048576,2,87,1.854
process,25,1048576,2,88,1.861
process,25,1048576,2,89,1.712
process,25,1048576,2,90,1.935
process,25,1048576,2,91,1.801
process,25,1048576,2,92,1.697
process,25,1048576,2,93,1.867
process,25,1048576,2,94,1.733
process,25,1048576,2,95,1.832
process,25,1048576,2,96,1.717
process,25,1048576,2,97,1.844
process,25,1048576,2,98,2.148
process,25,1048576,2,99,1.791
adaptive,25,10240,0,0,0.412
adaptive,25,10240,0,1,0.899
adaptive,25,10240,0,2,0.527
adaptive,25,10240,0,3,0.388
adaptive,25,10240,0,4,0.257
adaptive,25,10240,0,5,0.245
adaptive,25,10240,0,6,0.254
adaptive,25,10240,0,7,0.25
adaptive,25,10240,0,8,0.253
adaptive,25,10240,0,9,0.287
adaptive,25,10240,0,10,0.248
adaptive,25,10240,0,11,0.254
adaptive,25,10240,0,12,0.25
adaptive,25,10240,0,13,0.246
adaptive,25,10240,0,14,0.261
adaptive,25,10240,0,15,0.275
adaptive,25,10240,0,16,0.311
adaptive,25,10240,0,17,0.206
adaptive,25,10240,0,18,0.226
adaptive,25,10240,0,19,0.136
adaptive,25,10240,0,20,0.126
adaptive,25,10240,0,21,0.126
adaptive,25,10240,0,22,0.123
adaptive,25,10240,0,23,0.123
adaptive,25,10240,0,24,0.124
adaptive,25,10240,0,25,0.125
adaptive,25,10240,0,26,0.126
adaptive,25,10240,0,27,0.133
adaptive,25,10240,0,28,0.124
adaptive,25,10240,0,29,0.126
adaptive,25,10240,0,30,0.134
adaptive,25,10240,0,31,0.131
adaptive,25,10240,0,32,0.134
adaptive,25,10240,0,33,0.137
adaptive,25,10240,0,34,0.128
adaptive,25,10240,0,35,0.124
adaptive,25,10240,0,36,0.124
adaptive,25,10240,0,37,0.23
adaptive,25,10240,0,38,0.181
adaptive,25,10240,0,39,0.181
adaptive,25,10240,0,40,0.216
adaptive,25,10240,0,41,0.178
adaptive,25,10240,0,42,0.181
adaptive,25,10240,0,43,0.175
adaptive,25,10240,0,44,0.173
adaptive,25,10240,0,45,0.173
adaptive,25,10240,0,46,0.173
adaptive,25,10240,0,47,0.173
adaptive,25,10240,0,48,0.172
adaptive,25,10240,0,49,0.172
adaptive,25,10240,0,50,0.174
adaptive,25,10240,0,51,0.172
adaptive,25,10240,0,52,0.172
adaptive,25,10240,0,53,0.172
adaptive,25,10240,0,54,0.172
adaptive,25,10240,0,55,0.183
adaptive,25,10240,0,56,0.172
adaptive,25,10240,0,57,0.171
adaptive,25,10240,0,58,0.175
adaptive,25,10240,0,59,0.173
adaptive,25,10240,0,60,0.18
adaptive,25,10240,0,61,0.283
adaptive,25,10240,0,62,0.179
adaptive,25,10240,0,63,0.172
adaptive,25,10240,0,64,0.172
adaptive,25,10240,0,65,0.171
adaptive,25,10240,0,66,0.172
adaptive,25,10240,0,67,0.172
adaptive,25,10240,0,68,0.174
adaptive,25,10240,0,69,0.173
adaptive,25,10240,0,70,0.172
adaptive,25,10240,0,71,0.173
adaptive,25,10240,0,72,0.172
adaptive,25,10240,0,73,0.171
adaptive,25,10240,0,74,0.172
adaptive,25,10240,0,75,0.174
adaptive,25,10240,0,76,0.172
adaptive,25,10240,0,77,0.178
adaptive,25,10240,0,78,0.187
adaptive,25,10240,0,79,0.176
adaptive,25,10240,0,80,0.128
adaptive,25,10240,0,81,0.181
adaptive,25,10240,0,82,0.173
adaptive,25,10240,0,83,0.148
adaptive,25,10240,0,84,0.13
adaptive,25,10240,0,85,0.126
adaptive,25,10240,0,86,0.141
adaptive,25,10240,0,87,0.124
adaptive,25,10240,0,88,0.124
adaptive,25,10240,0,89,0.124
adaptive,25,10240,0,90,0.142
adaptive,25,10240,0,91,0.123
adaptive,25,10240,0,92,0.123
adaptive,25,10240,0,93,0.123
adaptive,25,10240,0,94,0.123
adaptive,25,10240,0,95,0.123
adaptive,25,10240,0,96,0.123
adaptive,25,10240,0,97,0.123
adaptive,25,10240,0,98,0.123
adaptive,25,10240,0,99,0.122
adaptive,25,1048576,0,0,9.895
adaptive,25,1048576,0,1,9.793
adaptive,25,1048576,0,2,9.759
adaptive,25,1048576,0,3,9.744
adaptive,25,1048576,0,4,9.828
adaptive,25,1048576,0,5,2.702
adaptive,25,1048576,0,6,1.943
adaptive,25,1048576,0,7,1.707
adaptive,25,1048576,0,8,1.698
adaptive,25,1048576,0,9,1.799
adaptive,25,1048576,0,10,2.234
adaptive,25,1048576,0,11,2.601
adaptive,25,1048576,0,12,1.848
adaptive,25,1048576,0,13,1.817
adaptive,25,1048576,0,14,1.743
adaptive,25,1048576,0,15,1.803
adaptive,25,1048576,0,16,2.217
adaptive,25,1048576,0,17,2.369
adaptive,25,1048576,0,18,1.856
adaptive,25,1048576,0,19,1.962
adaptive,25,1048576,0,20,2.164
adaptive,25,1048576,0,21,1.819
adaptive,25,1048576,0,22,2.111
adaptive,25,1048576,0,23,1.721
adaptive,25,1048576,0,24,1.765
adaptive,25,1048576,0,25,2.034
adaptive,25,1048576,0,26,1.748
adaptive,25,1048576,0,27,1.814
adaptive,25,1048576,0,28,1.889
adaptive,25,1048576,0,29,1.763
adaptive,25,1048576,0,30,2.546
adaptive,25,1048576,0,31,2.578
adaptive,25,1048576,0,32,1.911
adaptive,25,1048576,0,33,1.809
adaptive,25,1048576,0,34,1.891
adaptive,25,1048576,0,35,2.756
adaptive,25,1048576,0,36,2.462
adaptive,25,1048576,0,37,2.003
adaptive,25,1048576,0,38,1.809
adaptive,25,1048576,0,39,1.702
adaptive,25,1048576,0,40,1.768
adaptive,25,1048576,0,41,1.774
adaptive,25,1048576,0,42,1.854
adaptive,25,1048576,0,43,1.731
adaptive,25,1048576,0,44,1.806
adaptive,25,1048576,0,45,1.721
adaptive,25,1048576,0,46,1.812
adaptive,25,1048576,0,47,1.841
adaptive,25,1048576,0,48,1.94
adaptive,25,1048576,0,49,1.637
adaptive,25,1048576,0,50,1.731
adaptive,25,1048576,0,51,2.046
adaptive,25,1048576,0,52,1.779
adaptive,25,1048576,0,53,1.776
adaptive,25,1048576,0,54,1.751
adaptive,25,1048576,0,55,1.705
adaptive,25,1048576,0,56,1.657
adaptive,25,1048576,0,57,1.884
adaptive,25,1048576,0,58,2.671
adaptive,25,1048576,0,59,2.025
adaptive,25,1048576,0,60,1.808
adaptive,25,1048576,0,61,1.77
adaptive,25,1048576,0,62,1.95
adaptive,25,1048576,0,63,1.824
adaptive,25,1048576,0,64,2.141
adaptive,25,1048576,0,65,1.842
adaptive,25,1048576,0,66,1.745
adaptive,25,1048576,0,67,1.765
adaptive,25,1048576,0,68,1.821
adaptive,25,1048576,0,69,1.622
adaptive,25,1048576,0,70,1.595
adaptive,25,1048576,0,71,1.856
adaptive,25,1048576,0,72,2.355
adaptive,25,1048576,0,73,1.715
adaptive,25,1048576,0,74,1.832
adaptive,25,1048576,0,75,1.886
adaptive,25,1048576,0,76,1.721
adaptive,25,1048576,0,77,1.791
adaptive,25,1048576,0,78,1.98
adaptive,25,1048576,0,79,1.822
adaptive,25,1048576,0,80,2.31
adaptive,25,1048576,0,81,1.704
adaptive,25,1048576,0,82,1.809
adaptive,25,1048576,0,83,1.835
adaptive,25,1048576,0,84,1.934
adaptive,25,1048576,0,85,1.765
adaptive,25,1048576,0,86,1.774
adaptive,25,1048576,0,87,1.669
adaptive,25,1048576,0,88,1.753
adaptive,25,1048576,0,89,1.741
adaptive,25,1048576,0,90,1.855
adaptive,25,1048576,0,91,1.712
adaptive,25,1048576,0,92,2.105
adaptive,25,1048576,0,93,1.787
adaptive,25,1048576,0,94,2.25
adaptive,25,1048576,0,95,1.733
adaptive,25,1048576,0,96,1.701
adaptive,25,1048576,0,97,1.976
adaptive,25,1048576,0,98,1.726
adaptive,25,1048576,0,99,1.77
adaptive,25,10240,1,0,0.445
adaptive,25,10240,1,1,0.654
adaptive,25,10240,1,2,0.175
adaptive,25,10240,1,3,0.134
adaptive,25,10240,1,4,0.126
adaptive,25,10240,1,5,0.123
adaptive,25,10240,1,6,0.123
adaptive,25,10240,1,7,0.121
adaptive,25,10240,1,8,0.147
adaptive,25,10240,1,9,0.124
adaptive,25,10240,1,10,0.123
adaptive,25,10240,1,11,0.122
adaptive,25,10240,1,12,0.123
adaptive,25,10240,1,13,0.123
adaptive,25,10240,1,14,0.122
adaptive,25,10240,1,15,0.124
adaptive,25,10240,1,16,0.124
adaptive,25,10240,1,17,0.123
adaptive,25,10240,1,18,0.122
adaptive,25,10240,1,19,0.122
adaptive,25,10240,1,20,0.122
adaptive,25,10240,1,21,0.122
adaptive,25,10240,1,22,0.122
adaptive,25,10240,1,23,0.122
adaptive,25,10240,1,24,0.129
adaptive,25,10240,1,25,0.141
adaptive,25,10240,1,26,0.127
adaptive,25,10240,1,27,0.155
adaptive,25,10240,1,28,0.123
adaptive,25,10240,1,29,0.122
adaptive,25,10240,1,30,0.122
adaptive,25,10240,1,31,0.121
adaptive,25,10240,1,32,0.121
adaptive,25,10240,1,33,0.121
adaptive,25,10240,1,34,0.123
adaptive,25,10240,1,35,0.121
adaptive,25,10240,1,36,0.122
adaptive,25,10240,1,37,0.121
adaptive,25,10240,1,38,0.121
adaptive,25,10240,1,39,0.123
adaptive,25,10240,1,40,0.122
adaptive,25,10240,1,41,0.122
adaptive,25,10240,1,42,0.122
adaptive,25,10240,1,43,0.125
adaptive,25,10240,1,44,0.121
adaptive,25,10240,1,45,0.123
adaptive,25,10240,1,46,0.122
adaptive,25,10240,1,47,0.126
adaptive,25,10240,1,48,0.124
adaptive,25,10240,1,49,0.122
adaptive,25,10240,1,50,0.123
adaptive,25,10240,1,51,0.14
adaptive,25,10240,1,52,0.125
adaptive,25,10240,1,53,0.123
adaptive,25,10240,1,54,0.215
adaptive,25,10240,1,55,0.144
adaptive,25,10240,1,56,0.129
adaptive,25,10240,1,57,0.122
adaptive,25,10240,1,58,0.121
adaptive,25,10240,1,59,0.123
adaptive,25,10240,1,60,0.122
adaptive,25,10240,1,61,0.121
adaptive,25,10240,1,62,0.184
adaptive,25,10240,1,63,0.128
adaptive,25,10240,1,64,0.123
adaptive,25,10240,1,65,0.123
adaptive,25,10240,1,66,0.123
adaptive,25,10240,1,67,0.122
adaptive,25,10240,1,68,0.122
adaptive,25,10240,1,69,0.122
adaptive,25,10240,1,70,0.122
adaptive,25,10240,1,71,0.122
adaptive,25,10240,1,72,0.123
adaptive,25,10240,1,73,0.122
adaptive,25,10240,1,74,0.122
adaptive,25,10240,1,75,0.122
adaptive,25,10240,1,76,0.122
adaptive,25,10240,1,77,0.139
adaptive,25,10240,1,78,0.128
adaptive,25,10240,1,79,0.123
adaptive,25,10240,1,80,0.122
adaptive,25,10240,1,81,0.122
adaptive,25,10240,1,82,0.122
adaptive,25,10240,1,83,0.122
adaptive,25,10240,1,84,0.124
adaptive,25,10240,1,85,0.123
adaptive,25,10240,1,86,0.122
adaptive,25,10240,1,87,0.124
adaptive,25,10240,1,88,0.125
adaptive,25,10240,1,89,0.123
adaptive,25,10240,1,90,0.122
adaptive,25,10240,1,91,0.126
adaptive,25,10240,1,92,0.123
adaptive,25,10240,1,93,0.123
adaptive,25,10240,1,94,0.122
adaptive,25,10240,1,95,0.122
adaptive,25,10240,1,96,0.122
adaptive,25,10240,1,97,0.123
adaptive,25,10240,1,98,0.122
adaptive,25,10240,1,99,0.122
adaptive,25,1048576,1,0,9.613
adaptive,25,1048576,1,1,9.574
adaptive,25,1048576,1,2,9.634
adaptive,25,1048576,1,3,9.624
adaptive,25,1048576,1,4,9.901
adaptive,25,1048576,1,5,1.715
adaptive,25,1048576,1,6,1.848
adaptive,25,1048576,1,7,1.837
adaptive,25,1048576,1,8,1.758
adaptive,25,1048576,1,9,1.946
adaptive,25,1048576,1,10,1.581
adaptive,25,1048576,1,11,1.91
adaptive,25,1048576,1,12,2.528
adaptive,25,1048576,1,13,2.575
adaptive,25,1048576,1,14,2.596
adaptive,25,1048576,1,15,1.833
adaptive,25,1048576,1,16,1.707
adaptive,25,1048576,1,17,1.803
adaptive,25,1048576,1,18,1.869
adaptive,25,1048576,1,19,1.789
adaptive,25,1048576,1,20,1.857
adaptive,25,1048576,1,21,1.726
adaptive,25,1048576,1,22,1.882
adaptive,25,1048576,1,23,1.826
adaptive,25,1048576,1,24,1.807
adaptive,25,1048576,1,25,1.896
adaptive,25,1048576,1,26,1.769
adaptive,25,1048576,1,27,1.732
adaptive,25,1048576,1,28,1.793
adaptive,25,1048576,1,29,1.704
adaptive,25,1048576,1,30,1.973
adaptive,25,1048576,1,31,1.778
adaptive,25,1048576,1,32,1.747
adaptive,25,1048576,1,33,1.65
adaptive,25,1048576,1,34,1.848
adaptive,25,1048576,1,35,1.777
adaptive,25,1048576,1,36,1.831
adaptive,25,1048576,1,37,1.804
adaptive,25,1048576,1,38,1.877
adaptive,25,1048576,1,39,1.772
adaptive,25,1048576,1,40,1.782
adaptive,25,1048576,1,41,1.78
adaptive,25,1048576,1,42,1.847
adaptive,25,1048576,1,43,1.561
adaptive,25,1048576,1,44,1.831
adaptive,25,1048576,1,45,1.645
adaptive,25,1048576,1,46,1.751
adaptive,25,1048576,1,47,1.802
adaptive,25,1048576,1,48,1.948
adaptive,25,1048576,1,49,1.703
adaptive,25,1048576,1,50,1.822
adaptive,25,1048576,1,51,1.969
adaptive,25,1048576,1,52,1.652
adaptive,25,1048576,1,53,1.648
adaptive,25,1048576,1,54,1.678
adaptive,25,1048576,1,55,1.749
adaptive,25,1048576,1,56,1.677
adaptive,25,1048576,1,57,2.414
adaptive,25,1048576,1,58,1.737
adaptive,25,1048576,1,59,1.882
adaptive,25,1048576,1,60,1.783
adaptive,25,1048576,1,61,1.888
adaptive,25,1048576,1,62,2.22
adaptive,25,1048576,1,63,1.746
adaptive,25,1048576,1,64,1.862
adaptive,25,1048576,1,65,1.718
adaptive,25,1048576,1,66,1.836
adaptive,25,1048576,1,67,1.629
adaptive,25,1048576,1,68,1.804
adaptive,25,1048576,1,69,1.744
adaptive,25,1048576,1,70,1.834
adaptive,25,1048576,1,71,1.721
adaptive,25,1048576,1,72,1.634
adaptive,25,1048576,1,73,1.838
adaptive,25,1048576,1,74,1.76
adaptive,25,1048576,1,75,2.178
adaptive,25,1048576,1,76,1.707
adaptive,25,1048576,1,77,1.82
adaptive,25,1048576,1,78,1.854
adaptive,25,1048576,1,79,1.968
adaptive,25,1048576,1,80,1.748
adaptive,25,1048576,1,81,1.929
adaptive,25,1048576,1,82,1.72
adaptive,25,1048576,1,83,1.734
adaptive,25,1048576,1,84,1.872
adaptive,25,1048576,1,85,1.782
adaptive,25,1048576,1,86,1.662
adaptive,25,1048576,1,87,1.61
adaptive,25,1048576,1,88,1.774
adaptive,25,1048576,1,89,1.865
adaptive,25,1048576,1,90,1.828
adaptive,25,1048576,1,91,1.917
adaptive,25,1048576,1,92,1.779
adaptive,25,1048576,1,93,1.89
adaptive,25,1048576,1,94,1.682
adaptive,25,1048576,1,95,2.372
adaptive,25,1048576,1,96,1.742
adaptive,25,1048576,1,97,1.781
adaptive,25,1048576,1,98,2.654
adaptive,25,1048576,1,99,1.676
adaptive,25,10240,2,0,0.59
adaptive,25,10240,2,1,0.692
adaptive,25,10240,2,2,0.228
adaptive,25,10240,2,3,0.186
adaptive,25,10240,2,4,0.178
adaptive,25,10240,2,5,0.175
adaptive,25,10240,2,6,0.176
adaptive,25,10240,2,7,0.176
adaptive,25,10240,2,8,0.19
adaptive,25,10240,2,9,0.175
adaptive,25,10240,2,10,0.176
adaptive,25,10240,2,11,0.174
adaptive,25,10240,2,12,0.2
adaptive,25,10240,2,13,0.131
adaptive,25,10240,2,14,0.124
adaptive,25,10240,2,15,0.122
adaptive,25,10240,2,16,0.121
adaptive,25,10240,2,17,0.122
adaptive,25,10240,2,18,0.121
adaptive,25,10240,2,19,0.122
adaptive,25,10240,2,20,0.121
adaptive,25,10240,2,21,0.121
adaptive,25,10240,2,22,0.122
adaptive,25,10240,2,23,0.121
adaptive,25,10240,2,24,0.18
adaptive,25,10240,2,25,0.13
adaptive,25,10240,2,26,0.123
adaptive,25,10240,2,27,0.122
adaptive,25,10240,2,28,0.122
adaptive,25,10240,2,29,0.121
adaptive,25,10240,2,30,0.122
adaptive,25,10240,2,31,0.122
adaptive,25,10240,2,32,0.121
adaptive,25,10240,2,33,0.12
adaptive,25,10240,2,34,0.121
adaptive,25,10240,2,35,0.121
adaptive,25,10240,2,36,0.123
adaptive,25,10240,2,37,0.122
adaptive,25,10240,2,38,0.121
adaptive,25,10240,2,39,0.122
adaptive,25,10240,2,40,0.121
adaptive,25,10240,2,41,0.121
adaptive,25,10240,2,42,0.134
adaptive,25,10240,2,43,0.124
adaptive,25,10240,2,44,0.122
adaptive,25,10240,2,45,0.121
adaptive,25,10240,2,46,0.121
adaptive,25,10240,2,47,0.122
adaptive,25,10240,2,48,0.122
adaptive,25,10240,2,49,0.123
adaptive,25,10240,2,50,0.132
adaptive,25,10240,2,51,0.128
adaptive,25,10240,2,52,0.126
adaptive,25,10240,2,53,0.123
adaptive,25,10240,2,54,0.121
adaptive,25,10240,2,55,0.122
adaptive,25,10240,2,56,0.121
adaptive,25,10240,2,57,0.12
adaptive,25,10240,2,58,0.121
adaptive,25,10240,2,59,0.121
adaptive,25,10240,2,60,0.121
adaptive,25,10240,2,61,0.121
adaptive,25,10240,2,62,0.148
adaptive,25,10240,2,63,0.133
adaptive,25,10240,2,64,0.124
adaptive,25,10240,2,65,0.125
adaptive,25,10240,2,66,0.123
adaptive,25,10240,2,67,0.123
adaptive,25,10240,2,68,0.123
adaptive,25,10240,2,69,0.121
adaptive,25,10240,2,70,0.121
adaptive,25,10240,2,71,0.121
adaptive,25,10240,2,72,0.121
adaptive,25,10240,2,73,0.12
adaptive,25,10240,2,74,0.127
adaptive,25,10240,2,75,0.141
adaptive,25,10240,2,76,0.178
adaptive,25,10240,2,77,0.163
adaptive,25,10240,2,78,0.13
adaptive,25,10240,2,79,0.123
adaptive,25,10240,2,80,0.136
adaptive,25,10240,2,81,0.123
adaptive,25,10240,2,82,0.123
adaptive,25,10240,2,83,0.123
adaptive,25,10240,2,84,0.123
adaptive,25,10240,2,85,0.122
adaptive,25,10240,2,86,0.122
adaptive,25,10240,2,87,0.123
adaptive,25,10240,2,88,0.123
adaptive,25,10240,2,89,0.123
adaptive,25,10240,2,90,0.122
adaptive,25,10240,2,91,0.122
adaptive,25,10240,2,92,0.123
adaptive,25,10240,2,93,0.124
adaptive,25,10240,2,94,0.123
adaptive,25,10240,2,95,0.123
adaptive,25,10240,2,96,0.122
adaptive,25,10240,2,97,0.122
adaptive,25,10240,2,98,0.123
adaptive,25,10240,2,99,0.171
adaptive,25,1048576,2,0,9.791
adaptive,25,1048576,2,1,9.787
adaptive,25,1048576,2,2,9.801
adaptive,25,1048576,2,3,10.178
adaptive,25,1048576,2,4,10.409
adaptive,25,1048576,2,5,1.615
adaptive,25,1048576,2,6,1.743
adaptive,25,1048576,2,7,2.149
adaptive,25,1048576,2,8,1.748
adaptive,25,1048576,2,9,1.747
adaptive,25,1048576,2,10,1.853
adaptive,25,1048576,2,11,1.792
adaptive,25,1048576,2,12,1.67
adaptive,25,1048576,2,13,1.764
adaptive,25,1048576,2,14,2.039
adaptive,25,1048576,2,15,1.68
adaptive,25,1048576,2,16,1.821
adaptive,25,1048576,2,17,1.613
adaptive,25,1048576,2,18,1.737
adaptive,25,1048576,2,19,1.696
adaptive,25,1048576,2,20,2.098
adaptive,25,1048576,2,21,1.749
adaptive,25,1048576,2,22,1.819
adaptive,25,1048576,2,23,1.735
adaptive,25,1048576,2,24,1.902
adaptive,25,1048576,2,25,1.808
adaptive,25,1048576,2,26,1.799
adaptive,25,1048576,2,27,1.897
adaptive,25,1048576,2,28,1.677
adaptive,25,1048576,2,29,1.876
adaptive,25,1048576,2,30,1.927
adaptive,25,1048576,2,31,1.763
adaptive,25,1048576,2,32,1.73
adaptive,25,1048576,2,33,1.932
adaptive,25,1048576,2,34,1.795
adaptive,25,1048576,2,35,1.904
adaptive,25,1048576,2,36,1.937
adaptive,25,1048576,2,37,1.94
adaptive,25,1048576,2,38,1.808
adaptive,25,1048576,2,39,1.917
adaptive,25,1048576,2,40,2.15
adaptive,25,1048576,2,41,2.049
adaptive,25,1048576,2,42,1.906
adaptive,25,1048576,2,43,2.356
adaptive,25,1048576,2,44,1.875
adaptive,25,1048576,2,45,1.775
adaptive,25,1048576,2,46,1.718
adaptive,25,1048576,2,47,1.699
adaptive,25,1048576,2,48,1.75
adaptive,25,1048576,2,49,1.607
adaptive,25,1048576,2,50,1.643
adaptive,25,1048576,2,51,1.718
adaptive,25,1048576,2,52,1.874
adaptive,25,1048576,2,53,1.859
adaptive,25,1048576,2,54,1.708
adaptive,25,1048576,2,55,1.662
adaptive,25,1048576,2,56,1.8
adaptive,25,1048576,2,57,1.815
adaptive,25,1048576,2,58,1.756
adaptive,25,1048576,2,59,1.753
adaptive,25,1048576,2,60,1.74
adaptive,25,1048576,2,61,1.701
adaptive,25,1048576,2,62,2.242
adaptive,25,1048576,2,63,1.778
adaptive,25,1048576,2,64,1.711
adaptive,25,1048576,2,65,1.846
adaptive,25,1048576,2,66,1.926
adaptive,25,1048576,2,67,1.795
adaptive,25,1048576,2,68,1.836
adaptive,25,1048576,2,69,1.807
adaptive,25,1048576,2,70,1.805
adaptive,25,1048576,2,71,1.849
adaptive,25,1048576,2,72,1.765
adaptive,25,1048576,2,73,1.857
adaptive,25,1048576,2,74,1.796
adaptive,25,1048576,2,75,1.878
adaptive,25,1048576,2,76,1.881
adaptive,25,1048576,2,77,1.813
adaptive,25,1048576,2,78,1.956
adaptive,25,1048576,2,79,1.886
adaptive,25,1048576,2,80,1.865
adaptive,25,1048576,2,81,1.807
adaptive,25,1048576,2,82,1.701
adaptive,25,1048576,2,83,1.747
adaptive,25,1048576,2,84,1.782
adaptive,25,1048576,2,85,1.625
adaptive,25,1048576,2,86,1.726
adaptive,25,1048576,2,87,1.772
adaptive,25,1048576,2,88,1.847
adaptive,25,1048576,2,89,1.821
adaptive,25,1048576,2,90,1.77
adaptive,25,1048576,2,91,1.795
adaptive,25,1048576,2,92,1.679
adaptive,25,1048576,2,93,1.884
adaptive,25,1048576,2,94,1.813
adaptive,25,1048576,2,95,1.957
adaptive,25,1048576,2,96,2.134
adaptive,25,1048576,2,97,2.532
adaptive,25,1048576,2,98,1.724
adaptive,25,1048576,2,99,1.825
native,25,10240,0,0,0.082
native,25,10240,0,1,0.027
native,25,10240,0,2,0.019
native,25,10240,0,3,0.018
native,25,10240,0,4,0.018
native,25,10240,0,5,0.018
native,25,10240,0,6,0.018
native,25,10240,0,7,0.018
native,25,10240,0,8,0.018
native,25,10240,0,9,0.018
native,25,10240,0,10,0.019
native,25,10240,0,11,0.018
native,25,10240,0,12,0.019
native,25,10240,0,13,0.025
native,25,10240,0,14,0.027
native,25,10240,0,15,0.02
native,25,10240,0,16,0.019
native,25,10240,0,17,0.019
native,25,10240,0,18,0.019
native,25,10240,0,19,0.019
native,25,10240,0,20,0.019
native,25,10240,0,21,0.019
native,25,10240,0,22,0.019
native,25,10240,0,23,0.019
native,25,10240,0,24,0.018
native,25,10240,0,25,0.018
native,25,10240,0,26,0.019
native,25,10240,0,27,0.019
native,25,10240,0,28,0.025
native,25,10240,0,29,0.032
native,25,10240,0,30,0.035
native,25,10240,0,31,0.032
native,25,10240,0,32,0.029
native,25,10240,0,33,0.028
native,25,10240,0,34,0.032
native,25,10240,0,35,0.031
native,25,10240,0,36,0.031
native,25,10240,0,37,0.033
native,25,10240,0,38,0.03
native,25,10240,0,39,0.034
native,25,10240,0,40,0.031
native,25,10240,0,41,0.022
native,25,10240,0,42,0.019
native,25,10240,0,43,0.018
native,25,10240,0,44,0.018
native,25,10240,0,45,0.018
native,25,10240,0,46,0.018
native,25,10240,0,47,0.018
native,25,10240,0,48,0.018
native,25,10240,0,49,0.018
native,25,10240,0,50,0.018
native,25,10240,0,51,0.018
native,25,10240,0,52,0.018
native,25,10240,0,53,0.017
native,25,10240,0,54,0.018
native,25,10240,0,55,0.018
native,25,10240,0,56,0.018
native,25,10240,0,57,0.018
native,25,10240,0,58,0.018
native,25,10240,0,59,0.018
native,25,10240,0,60,0.018
native,25,10240,0,61,0.018
native,25,10240,0,62,0.018
native,25,10240,0,63,0.018
native,25,10240,0,64,0.019
native,25,10240,0,65,0.018
native,25,10240,0,66,0.018
native,25,10240,0,67,0.018
native,25,10240,0,68,0.018
native,25,10240,0,69,0.018
native,25,10240,0,70,0.018
native,25,10240,0,71,0.018
native,25,10240,0,72,0.018
native,25,10240,0,73,0.018
native,25,10240,0,74,0.018
native,25,10240,0,75,0.019
native,25,10240,0,76,0.018
native,25,10240,0,77,0.026
native,25,10240,0,78,0.03
native,25,10240,0,79,0.022
native,25,10240,0,80,0.02
native,25,10240,0,81,0.02
native,25,10240,0,82,0.019
native,25,10240,0,83,0.019
native,25,10240,0,84,0.019
native,25,10240,0,85,0.019
native,25,10240,0,86,0.019
native,25,10240,0,87,0.019
native,25,10240,0,88,0.019
native,25,10240,0,89,0.022
native,25,10240,0,90,0.018
native,25,10240,0,91,0.019
native,25,10240,0,92,0.019
native,25,10240,0,93,0.019
native,25,10240,0,94,0.019
native,25,10240,0,95,0.019
native,25,10240,0,96,0.019
native,25,10240,0,97,0.019
native,25,10240,0,98,0.019
native,25,10240,0,99,0.019
native,25,1048576,0,0,1.287
native,25,1048576,0,1,0.857
native,25,1048576,0,2,0.855
native,25,1048576,0,3,1.01
native,25,1048576,0,4,0.832
native,25,1048576,0,5,0.882
native,25,1048576,0,6,0.83
native,25,1048576,0,7,0.823
native,25,1048576,0,8,0.815
native,25,1048576,0,9,0.822
native,25,1048576,0,10,0.815
native,25,1048576,0,11,0.807
native,25,1048576,0,12,0.799
native,25,1048576,0,13,0.821
native,25,1048576,0,14,0.815
native,25,1048576,0,15,0.801
native,25,1048576,0,16,0.84
native,25,1048576,0,17,0.837
native,25,1048576,0,18,0.902
native,25,1048576,0,19,0.823
native,25,1048576,0,20,0.807
native,25,1048576,0,21,0.807
native,25,1048576,0,22,0.804
native,25,1048576,0,23,0.813
native,25,1048576,0,24,0.804
native,25,1048576,0,25,0.809
native,25,1048576,0,26,0.829
native,25,1048576,0,27,0.827
native,25,1048576,0,28,0.813
native,25,1048576,0,29,0.853
native,25,1048576,0,30,0.88
native,25,1048576,0,31,0.825
native,25,1048576,0,32,0.811
native,25,1048576,0,33,0.8
native,25,1048576,0,34,0.836
native,25,1048576,0,35,0.802
native,25,1048576,0,36,0.81
native,25,1048576,0,37,0.802
native,25,1048576,0,38,0.813
native,25,1048576,0,39,0.81
native,25,1048576,0,40,0.823
native,25,1048576,0,41,0.819
native,25,1048576,0,42,0.803
native,25,1048576,0,43,0.798
native,25,1048576,0,44,0.813
native,25,1048576,0,45,0.805
native,25,1048576,0,46,0.813
native,25,1048576,0,47,0.816
native,25,1048576,0,48,0.795
native,25,1048576,0,49,0.818
native,25,1048576,0,50,0.8
native,25,1048576,0,51,0.81
native,25,1048576,0,52,0.809
native,25,1048576,0,53,0.803
native,25,1048576,0,54,0.839
native,25,1048576,0,55,0.83
native,25,1048576,0,56,0.828
native,25,1048576,0,57,0.824
native,25,1048576,0,58,0.837
native,25,1048576,0,59,0.829
native,25,1048576,0,60,0.828
native,25,1048576,0,61,0.824
native,25,1048576,0,62,0.815
native,25,1048576,0,63,0.823
native,25,1048576,0,64,0.841
native,25,1048576,0,65,0.834
native,25,1048576,0,66,0.802
native,25,1048576,0,67,0.814
native,25,1048576,0,68,0.806
native,25,1048576,0,69,0.798
native,25,1048576,0,70,0.817
native,25,1048576,0,71,0.812
native,25,1048576,0,72,0.802
native,25,1048576,0,73,0.814
native,25,1048576,0,74,0.806
native,25,1048576,0,75,0.792
native,25,1048576,0,76,0.803
native,25,1048576,0,77,0.819
native,25,1048576,0,78,0.812
native,25,1048576,0,79,0.809
native,25,1048576,0,80,0.807
native,25,1048576,0,81,0.869
native,25,1048576,0,82,0.797
native,25,1048576,0,83,0.804
native,25,1048576,0,84,0.808
native,25,1048576,0,85,0.801
native,25,1048576,0,86,0.806
native,25,1048576,0,87,0.801
native,25,1048576,0,88,0.801
native,25,1048576,0,89,0.81
native,25,1048576,0,90,0.814
native,25,1048576,0,91,0.817
native,25,1048576,0,92,0.813
native,25,1048576,0,93,0.816
native,25,1048576,0,94,0.805
native,25,1048576,0,95,0.801
native,25,1048576,0,96,0.788
native,25,1048576,0,97,0.798
native,25,1048576,0,98,0.799
native,25,1048576,0,99,0.853
native,25,10240,1,0,0.079
native,25,10240,1,1,0.029
native,25,10240,1,2,0.02
native,25,10240,1,3,0.019
native,25,10240,1,4,0.018
native,25,10240,1,5,0.018
native,25,10240,1,6,0.018
native,25,10240,1,7,0.018
native,25,10240,1,8,0.018
native,25,10240,1,9,0.018
native,25,10240,1,10,0.018
native,25,10240,1,11,0.018
native,25,10240,1,12,0.02
native,25,10240,1,13,0.018
native,25,10240,1,14,0.018
native,25,10240,1,15,0.02
native,25,10240,1,16,0.019
native,25,10240,1,17,0.02
native,25,10240,1,18,0.02
native,25,10240,1,19,0.019
native,25,10240,1,20,0.019
native,25,10240,1,21,0.019
native,25,10240,1,22,0.018
native,25,10240,1,23,0.019
native,25,10240,1,24,0.018
native,25,10240,1,25,0.019
native,25,10240,1,26,0.019
native,25,10240,1,27,0.02
native,25,10240,1,28,0.018
native,25,10240,1,29,0.018
native,25,10240,1,30,0.019
native,25,10240,1,31,0.019
native,25,10240,1,32,0.018
native,25,10240,1,33,0.019
native,25,10240,1,34,0.018
native,25,10240,1,35,0.018
native,25,10240,1,36,0.019
native,25,10240,1,37,0.019
native,25,10240,1,38,0.018
native,25,10240,1,39,0.019
native,25,10240,1,40,0.018
native,25,10240,1,41,0.018
native,25,10240,1,42,0.019
native,25,10240,1,43,0.018
native,25,10240,1,44,0.018
native,25,10240,1,45,0.019
native,25,10240,1,46,0.019
native,25,10240,1,47,0.019
native,25,10240,1,48,0.018
native,25,10240,1,49,0.018
native,25,10240,1,50,0.018
native,25,10240,1,51,0.019
native,25,10240,1,52,0.019
native,25,10240,1,53,0.018
native,25,10240,1,54,0.018
native,25,10240,1,55,0.018
native,25,10240,1,56,0.018
native,25,10240,1,57,0.02
native,25,10240,1,58,0.019
native,25,10240,1,59,0.019
native,25,10240,1,60,0.018
native,25,10240,1,61,0.018
native,25,10240,1,62,0.018
native,25,10240,1,63,0.02
native,25,10240,1,64,0.018
native,25,10240,1,65,0.018
native,25,10240,1,66,0.018
native,25,10240,1,67,0.018
native,25,10240,1,68,0.019
native,25,10240,1,69,0.018
native,25,10240,1,70,0.018
native,25,10240,1,71,0.018
native,25,10240,1,72,0.018
native,25,10240,1,73,0.018
native,25,10240,1,74,0.018
native,25,10240,1,75,0.018
native,25,10240,1,76,0.018
native,25,10240,1,77,0.018
native,25,10240,1,78,0.02
native,25,10240,1,79,0.019
native,25,10240,1,80,0.02
native,25,10240,1,81,0.019
native,25,10240,1,82,0.02
native,25,10240,1,83,0.02
native,25,10240,1,84,0.02
native,25,10240,1,85,0.02
native,25,10240,1,86,0.02
native,25,10240,1,87,0.025
native,25,10240,1,88,0.019
native,25,10240,1,89,0.019
native,25,10240,1,90,0.018
native,25,10240,1,91,0.019
native,25,10240,1,92,0.019
native,25,10240,1,93,0.018
native,25,10240,1,94,0.019
native,25,10240,1,95,0.018
native,25,10240,1,96,0.019
native,25,10240,1,97,0.019
native,25,10240,1,98,0.019
native,25,10240,1,99,0.018
native,25,1048576,1,0,0.864
native,25,1048576,1,1,0.902
native,25,1048576,1,2,0.82
native,25,1048576,1,3,0.827
native,25,1048576,1,4,0.828
native,25,1048576,1,5,0.829
native,25,1048576,1,6,0.801
native,25,1048576,1,7,0.807
native,25,1048576,1,8,0.808
native,25,1048576,1,9,0.807
native,25,1048576,1,10,0.799
native,25,1048576,1,11,0.814
native,25,1048576,1,12,0.805
native,25,1048576,1,13,0.806
native,25,1048576,1,14,0.81
native,25,1048576,1,15,0.801
native,25,1048576,1,16,0.808
native,25,1048576,1,17,0.803
native,25,1048576,1,18,0.801
native,25,1048576,1,19,0.801
native,25,1048576,1,20,0.799
native,25,1048576,1,21,0.817
native,25,1048576,1,22,0.811
native,25,1048576,1,23,0.818
native,25,1048576,1,24,0.794
native,25,1048576,1,25,0.794
native,25,1048576,1,26,0.814
native,25,1048576,1,27,0.806
native,25,1048576,1,28,0.809
native,25,1048576,1,29,0.811
native,25,1048576,1,30,0.825
native,25,1048576,1,31,0.792
native,25,1048576,1,32,0.797
native,25,1048576,1,33,0.799
native,25,1048576,1,34,0.804
native,25,1048576,1,35,0.809
native,25,1048576,1,36,0.793
native,25,1048576,1,37,0.801
native,25,1048576,1,38,0.808
native,25,1048576,1,39,0.808
native,25,1048576,1,40,0.828
native,25,1048576,1,41,0.816
native,25,1048576,1,42,0.807
native,25,1048576,1,43,0.816
native,25,1048576,1,44,0.801
native,25,1048576,1,45,0.793
native,25,1048576,1,46,0.798
native,25,1048576,1,47,0.797
native,25,1048576,1,48,0.814
native,25,1048576,1,49,0.791
native,25,1048576,1,50,0.811
native,25,1048576,1,51,0.836
native,25,1048576,1,52,0.834
native,25,1048576,1,53,0.818
native,25,1048576,1,54,0.944
native,25,1048576,1,55,0.845
native,25,1048576,1,56,0.825
native,25,1048576,1,57,0.937
native,25,1048576,1,58,1.274
native,25,1048576,1,59,0.835
native,25,1048576,1,60,1.349
native,25,1048576,1,61,0.86
native,25,1048576,1,62,0.814
native,25,1048576,1,63,1.371
native,25,1048576,1,64,1.042
native,25,1048576,1,65,0.837
native,25,1048576,1,66,1.404
native,25,1048576,1,67,0.838
native,25,1048576,1,68,0.849
native,25,1048576,1,69,0.818
native,25,1048576,1,70,0.847
native,25,1048576,1,71,0.827
native,25,1048576,1,72,1.351
native,25,1048576,1,73,0.825
native,25,1048576,1,74,0.821
native,25,1048576,1,75,1.361
native,25,1048576,1,76,0.848
native,25,1048576,1,77,0.841
native,25,1048576,1,78,0.829
native,25,1048576,1,79,0.813
native,25,1048576,1,80,0.813
native,25,1048576,1,81,0.807
native,25,1048576,1,82,0.801
native,25,1048576,1,83,0.802
native,25,1048576,1,84,0.814
native,25,1048576,1,85,0.802
native,25,1048576,1,86,0.819
native,25,1048576,1,87,0.809
native,25,1048576,1,88,0.84
native,25,1048576,1,89,0.836
native,25,1048576,1,90,0.826
native,25,1048576,1,91,0.814
native,25,1048576,1,92,0.802
native,25,1048576,1,93,0.839
native,25,1048576,1,94,0.823
native,25,1048576,1,95,0.809
native,25,1048576,1,96,0.847
native,25,1048576,1,97,0.821
native,25,1048576,1,98,0.835
native,25,1048576,1,99,0.836
native,25,10240,2,0,0.145
native,25,10240,2,1,0.03
native,25,10240,2,2,0.02
native,25,10240,2,3,0.019
native,25,10240,2,4,0.019
native,25,10240,2,5,0.019
native,25,10240,2,6,0.019
native,25,10240,2,7,0.019
native,25,10240,2,8,0.019
native,25,10240,2,9,0.018
native,25,10240,2,10,0.018
native,25,10240,2,11,0.018
native,25,10240,2,12,0.019
native,25,10240,2,13,0.018
native,25,10240,2,14,0.029
native,25,10240,2,15,0.019
native,25,10240,2,16,0.019
native,25,10240,2,17,0.02
native,25,10240,2,18,0.019
native,25,10240,2,19,0.018
native,25,10240,2,20,0.019
native,25,10240,2,21,0.018
native,25,10240,2,22,0.019
native,25,10240,2,23,0.029
native,25,10240,2,24,0.039
native,25,10240,2,25,0.034
native,25,10240,2,26,0.032
native,25,10240,2,27,0.03
native,25,10240,2,28,0.032
native,25,10240,2,29,0.033
native,25,10240,2,30,0.031
native,25,10240,2,31,0.034
native,25,10240,2,32,0.027
native,25,10240,2,33,0.033
native,25,10240,2,34,0.05
native,25,10240,2,35,0.022
native,25,10240,2,36,0.019
native,25,10240,2,37,0.018
native,25,10240,2,38,0.018
native,25,10240,2,39,0.018
native,25,10240,2,40,0.018
native,25,10240,2,41,0.018
native,25,10240,2,42,0.018
native,25,10240,2,43,0.018
native,25,10240,2,44,0.018
native,25,10240,2,45,0.018
native,25,10240,2,46,0.019
native,25,10240,2,47,0.018
native,25,10240,2,48,0.018
native,25,10240,2,49,0.018
native,25,10240,2,50,0.018
native,25,10240,2,51,0.018
native,25,10240,2,52,0.018
native,25,10240,2,53,0.018
native,25,10240,2,54,0.018
native,25,10240,2,55,0.018
native,25,10240,2,56,0.029
native,25,10240,2,57,0.022
native,25,10240,2,58,0.018
native,25,10240,2,59,0.019
native,25,10240,2,60,0.018
native,25,10240,2,61,0.018
native,25,10240,2,62,0.019
native,25,10240,2,63,0.018
native,25,10240,2,64,0.018
native,25,10240,2,65,0.018
native,25,10240,2,66,0.018
native,25,10240,2,67,0.018
native,25,10240,2,68,0.018
native,25,10240,2,69,0.018
native,25,10240,2,70,0.018
native,25,10240,2,71,0.018
native,25,10240,2,72,0.03
native,25,10240,2,73,0.032
native,25,10240,2,74,0.033
native,25,10240,2,75,0.029
native,25,10240,2,76,0.03
native,25,10240,2,77,0.032
native,25,10240,2,78,0.032
native,25,10240,2,79,0.029
native,25,10240,2,80,0.034
native,25,10240,2,81,0.034
native,25,10240,2,82,0.033
native,25,10240,2,83,0.029
native,25,10240,2,84,0.021
native,25,10240,2,85,0.019
native,25,10240,2,86,0.018
native,25,10240,2,87,0.018
native,25,10240,2,88,0.018
native,25,10240,2,89,0.018
native,25,10240,2,90,0.018
native,25,10240,2,91,0.018
native,25,10240,2,92,0.018
native,25,10240,2,93,0.018
native,25,10240,2,94,0.018
native,25,10240,2,95,0.018
native,25,10240,2,96,0.018
native,25,10240,2,97,0.019
native,25,10240,2,98,0.018
native,25,10240,2,99,0.018
native,25,1048576,2,0,1.414
native,25,1048576,2,1,0.86
native,25,1048576,2,2,1.078
native,25,1048576,2,3,0.854
native,25,1048576,2,4,0.836
native,25,1048576,2,5,0.831
native,25,1048576,2,6,0.828
native,25,1048576,2,7,0.84
native,25,1048576,2,8,0.818
native,25,1048576,2,9,0.837
native,25,1048576,2,10,0.842
native,25,1048576,2,11,0.828
native,25,1048576,2,12,0.825
native,25,1048576,2,13,0.824
native,25,1048576,2,14,0.821
native,25,1048576,2,15,0.817
native,25,1048576,2,16,0.804
native,25,1048576,2,17,0.833
native,25,1048576,2,18,0.818
native,25,1048576,2,19,0.839
native,25,1048576,2,20,1.167
native,25,1048576,2,21,0.854
native,25,1048576,2,22,1.097
native,25,1048576,2,23,0.839
native,25,1048576,2,24,0.844
native,25,1048576,2,25,0.84
native,25,1048576,2,26,0.824
native,25,1048576,2,27,0.815
native,25,1048576,2,28,0.808
native,25,1048576,2,29,0.809
native,25,1048576,2,30,0.855
native,25,1048576,2,31,0.835
native,25,1048576,2,32,0.839
native,25,1048576,2,33,0.822
native,25,1048576,2,34,0.919
native,25,1048576,2,35,0.897
native,25,1048576,2,36,0.846
native,25,1048576,2,37,1.133
native,25,1048576,2,38,0.84
native,25,1048576,2,39,0.973
native,25,1048576,2,40,0.829
native,25,1048576,2,41,0.822
native,25,1048576,2,42,0.855
native,25,1048576,2,43,0.837
native,25,1048576,2,44,0.807
native,25,1048576,2,45,0.817
native,25,1048576,2,46,0.843
native,25,1048576,2,47,0.875
native,25,1048576,2,48,0.809
native,25,1048576,2,49,0.808
native,25,1048576,2,50,0.801
native,25,1048576,2,51,0.807
native,25,1048576,2,52,0.816
native,25,1048576,2,53,0.814
native,25,1048576,2,54,0.806
native,25,1048576,2,55,0.8
native,25,1048576,2,56,0.807
native,25,1048576,2,57,0.802
native,25,1048576,2,58,0.813
native,25,1048576,2,59,0.809
native,25,1048576,2,60,0.797
native,25,1048576,2,61,0.852
native,25,1048576,2,62,0.814
native,25,1048576,2,63,0.815
native,25,1048576,2,64,0.815
native,25,1048576,2,65,0.802
native,25,1048576,2,66,0.808
native,25,1048576,2,67,0.797
native,25,1048576,2,68,0.803
native,25,1048576,2,69,0.819
native,25,1048576,2,70,0.812
native,25,1048576,2,71,0.804
native,25,1048576,2,72,0.813
native,25,1048576,2,73,0.803
native,25,1048576,2,74,0.802
native,25,1048576,2,75,0.809
native,25,1048576,2,76,0.796
native,25,1048576,2,77,1.341
native,25,1048576,2,78,0.818
native,25,1048576,2,79,0.861
native,25,1048576,2,80,0.867
native,25,1048576,2,81,0.832
native,25,1048576,2,82,0.817
native,25,1048576,2,83,0.853
native,25,1048576,2,84,0.907
native,25,1048576,2,85,0.834
native,25,1048576,2,86,0.838
native,25,1048576,2,87,0.847
native,25,1048576,2,88,0.814
native,25,1048576,2,89,0.814
native,25,1048576,2,90,0.81
native,25,1048576,2,91,0.86
native,25,1048576,2,92,0.805
native,25,1048576,2,93,0.809
native,25,1048576,2,94,0.824
native,25,1048576,2,95,0.817
native,25,1048576,2,96,0.809
native,25,1048576,2,97,0.807
native,25,1048576,2,98,0.869
native,25,1048576,2,99,1.17
wasm2c,25,10240,0,0,0.278
wasm2c,25,10240,0,1,0.138
wasm2c,25,10240,0,2,0.126
wasm2c,25,10240,0,3,0.122
wasm2c,25,10240,0,4,0.129
wasm2c,25,10240,0,5,0.12
wasm2c,25,10240,0,6,0.119
wasm2c,25,10240,0,7,0.121
wasm2c,25,10240,0,8,0.169
wasm2c,25,10240,0,9,0.122
wasm2c,25,10240,0,10,0.119
wasm2c,25,10240,0,11,0.119
wasm2c,25,10240,0,12,0.118
wasm2c,25,10240,0,13,0.119
wasm2c,25,10240,0,14,0.119
wasm2c,25,10240,0,15,0.118
wasm2c,25,10240,0,16,0.118
wasm2c,25,10240,0,17,0.118
wasm2c,25,10240,0,18,0.118
wasm2c,25,10240,0,19,0.118
wasm2c,25,10240,0,20,0.118
wasm2c,25,10240,0,21,0.118
wasm2c,25,10240,0,22,0.118
wasm2c,25,10240,0,23,0.118
wasm2c,25,10240,0,24,0.121
wasm2c,25,10240,0,25,0.119
wasm2c,25,10240,0,26,0.118
wasm2c,25,10240,0,27,0.117
wasm2c,25,10240,0,28,0.118
wasm2c,25,10240,0,29,0.118
wasm2c,25,10240,0,30,0.117
wasm2c,25,10240,0,31,0.117
wasm2c,25,10240,0,32,0.118
wasm2c,25,10240,0,33,0.172
wasm2c,25,10240,0,34,0.121
wasm2c,25,10240,0,35,0.119
wasm2c,25,10240,0,36,0.119
wasm2c,25,10240,0,37,0.118
wasm2c,25,10240,0,38,0.119
wasm2c,25,10240,0,39,0.118
wasm2c,25,10240,0,40,0.119
wasm2c,25,10240,0,41,0.118
wasm2c,25,10240,0,42,0.118
wasm2c,25,10240,0,43,0.129
wasm2c,25,10240,0,44,0.12
wasm2c,25,10240,0,45,0.119
wasm2c,25,10240,0,46,0.119
wasm2c,25,10240,0,47,0.118
wasm2c,25,10240,0,48,0.119
wasm2c,25,10240,0,49,0.119
wasm2c,25,10240,0,50,0.119
wasm2c,25,10240,0,51,0.119
wasm2c,25,10240,0,52,0.119
wasm2c,25,10240,0,53,0.131
wasm2c,25,10240,0,54,0.12
wasm2c,25,10240,0,55,0.119
wasm2c,25,10240,0,56,0.119
wasm2c,25,10240,0,57,0.119
wasm2c,25,10240,0,58,0.119
wasm2c,25,10240,0,59,0.121
wasm2c,25,10240,0,60,0.118
wasm2c,25,10240,0,61,0.118
wasm2c,25,10240,0,62,0.119
wasm2c,25,10240,0,63,0.12
wasm2c,25,10240,0,64,0.119
wasm2c,25,10240,0,65,0.119
wasm2c,25,10240,0,66,0.118
wasm2c,25,10240,0,67,0.119
wasm2c,25,10240,0,68,0.119
wasm2c,25,10240,0,69,0.118
wasm2c,25,10240,0,70,0.119
wasm2c,25,10240,0,71,0.118
wasm2c,25,10240,0,72,0.119
wasm2c,25,10240,0,73,0.12
wasm2c,25,10240,0,74,0.119
wasm2c,25,10240,0,75,0.122
wasm2c,25,10240,0,76,0.119
wasm2c,25,10240,0,77,0.119
wasm2c,25,10240,0,78,0.119
wasm2c,25,10240,0,79,0.119
wasm2c,25,10240,0,80,0.119
wasm2c,25,10240,0,81,0.118
wasm2c,25,10240,0,82,0.13
wasm2c,25,10240,0,83,0.119
wasm2c,25,10240,0,84,0.119
wasm2c,25,10240,0,85,0.118
wasm2c,25,10240,0,86,0.119
wasm2c,25,10240,0,87,0.118
wasm2c,25,10240,0,88,0.119
wasm2c,25,10240,0,89,0.119
wasm2c,25,10240,0,90,0.119
wasm2c,25,10240,0,91,0.119
wasm2c,25,10240,0,92,0.14
wasm2c,25,10240,0,93,0.119
wasm2c,25,10240,0,94,0.119
wasm2c,25,10240,0,95,0.119
wasm2c,25,10240,0,96,0.118
wasm2c,25,10240,0,97,0.119
wasm2c,25,10240,0,98,0.119
wasm2c,25,10240,0,99,0.119
wasm2c,25,1048576,0,0,9.659
wasm2c,25,1048576,0,1,9.645
wasm2c,25,1048576,0,2,9.606
wasm2c,25,1048576,0,3,9.631
wasm2c,25,1048576,0,4,9.939
wasm2c,25,1048576,0,5,9.688
wasm2c,25,1048576,0,6,9.649
wasm2c,25,1048576,0,7,9.64
wasm2c,25,1048576,0,8,9.615
wasm2c,25,1048576,0,9,9.732
wasm2c,25,1048576,0,10,9.641
wasm2c,25,1048576,0,11,9.638
wasm2c,25,1048576,0,12,9.638
wasm2c,25,1048576,0,13,9.639
wasm2c,25,1048576,0,14,9.641
wasm2c,25,1048576,0,15,9.625
wasm2c,25,1048576,0,16,9.641
wasm2c,25,1048576,0,17,9.622
wasm2c,25,1048576,0,18,9.784
wasm2c,25,1048576,0,19,9.703
wasm2c,25,1048576,0,20,9.665
wasm2c,25,1048576,0,21,9.631
wasm2c,25,1048576,0,22,9.67
wasm2c,25,1048576,0,23,9.996
wasm2c,25,1048576,0,24,10.144
wasm2c,25,1048576,0,25,11.27
wasm2c,25,1048576,0,26,10.528
wasm2c,25,1048576,0,27,10.119
wasm2c,25,1048576,0,28,10.113
wasm2c,25,1048576,0,29,9.951
wasm2c,25,1048576,0,30,10.846
wasm2c,25,1048576,0,31,10.012
wasm2c,25,1048576,0,32,10.12
wasm2c,25,1048576,0,33,10.212
wasm2c,25,1048576,0,34,9.854
wasm2c,25,1048576,0,35,9.818
wasm2c,25,1048576,0,36,9.732
wasm2c,25,1048576,0,37,9.748
wasm2c,25,1048576,0,38,9.772
wasm2c,25,1048576,0,39,9.892
wasm2c,25,1048576,0,40,9.761
wasm2c,25,1048576,0,41,9.72
wasm2c,25,1048576,0,42,9.772
wasm2c,25,1048576,0,43,9.679
wasm2c,25,1048576,0,44,9.772
wasm2c,25,1048576,0,45,9.672
wasm2c,25,1048576,0,46,9.8
wasm2c,25,1048576,0,47,10.49
wasm2c,25,1048576,0,48,10.351
wasm2c,25,1048576,0,49,9.8
wasm2c,25,1048576,0,50,14.143
wasm2c,25,1048576,0,51,9.71
wasm2c,25,1048576,0,52,9.951
wasm2c,25,1048576,0,53,9.801
wasm2c,25,1048576,0,54,9.74
wasm2c,25,1048576,0,55,9.746
wasm2c,25,1048576,0,56,9.831
wasm2c,25,1048576,0,57,11.468
wasm2c,25,1048576,0,58,10.714
wasm2c,25,1048576,0,59,10.464
wasm2c,25,1048576,0,60,9.754
wasm2c,25,1048576,0,61,9.739
wasm2c,25,1048576,0,62,9.762
wasm2c,25,1048576,0,63,9.662
wasm2c,25,1048576,0,64,9.731
wasm2c,25,1048576,0,65,9.712
wasm2c,25,1048576,0,66,9.675
wasm2c,25,1048576,0,67,9.735
wasm2c,25,1048576,0,68,16.16
wasm2c,25,1048576,0,69,10.294
wasm2c,25,1048576,0,70,9.712
wasm2c,25,1048576,0,71,10.626
wasm2c,25,1048576,0,72,10.262
wasm2c,25,1048576,0,73,9.676
wasm2c,25,1048576,0,74,9.783
wasm2c,25,1048576,0,75,9.886
wasm2c,25,1048576,0,76,15.762
wasm2c,25,1048576,0,77,9.767
wasm2c,25,1048576,0,78,9.856
wasm2c,25,1048576,0,79,9.91
wasm2c,25,1048576,0,80,9.917
wasm2c,25,1048576,0,81,9.915
wasm2c,25,1048576,0,82,10.247
wasm2c,25,1048576,0,83,10.915
wasm2c,25,1048576,0,84,10.315
wasm2c,25,1048576,0,85,10.653
wasm2c,25,1048576,0,86,11.072
wasm2c,25,1048576,0,87,9.851
wasm2c,25,1048576,0,88,9.852
wasm2c,25,1048576,0,89,9.755
wasm2c,25,1048576,0,90,9.881
wasm2c,25,1048576,0,91,10.242
wasm2c,25,1048576,0,92,10.341
wasm2c,25,1048576,0,93,12.759
wasm2c,25,1048576,0,94,9.704
wasm2c,25,1048576,0,95,9.745
wasm2c,25,1048576,0,96,9.684
wasm2c,25,1048576,0,97,9.667
wasm2c,25,1048576,0,98,9.723
wasm2c,25,1048576,0,99,9.72
wasm2c,25,10240,1,0,0.325
wasm2c,25,10240,1,1,0.187
wasm2c,25,10240,1,2,0.177
wasm2c,25,10240,1,3,0.172
wasm2c,25,10240,1,4,0.17
wasm2c,25,10240,1,5,0.17
wasm2c,25,10240,1,6,0.171
wasm2c,25,10240,1,7,0.17
wasm2c,25,10240,1,8,0.169
wasm2c,25,10240,1,9,0.17
wasm2c,25,10240,1,10,0.168
wasm2c,25,10240,1,11,0.169
wasm2c,25,10240,1,12,0.168
wasm2c,25,10240,1,13,0.172
wasm2c,25,10240,1,14,0.169
wasm2c,25,10240,1,15,0.169
wasm2c,25,10240,1,16,0.169
wasm2c,25,10240,1,17,0.169
wasm2c,25,10240,1,18,0.173
wasm2c,25,10240,1,19,0.169
wasm2c,25,10240,1,20,0.169
wasm2c,25,10240,1,21,0.17
wasm2c,25,10240,1,22,0.168
wasm2c,25,10240,1,23,0.169
wasm2c,25,10240,1,24,0.168
wasm2c,25,10240,1,25,0.168
wasm2c,25,10240,1,26,0.168
wasm2c,25,10240,1,27,0.169
wasm2c,25,10240,1,28,0.152
wasm2c,25,10240,1,29,0.121
wasm2c,25,10240,1,30,0.118
wasm2c,25,10240,1,31,0.118
wasm2c,25,10240,1,32,0.118
wasm2c,25,10240,1,33,0.118
wasm2c,25,10240,1,34,0.118
wasm2c,25,10240,1,35,0.118
wasm2c,25,10240,1,36,0.118
wasm2c,25,10240,1,37,0.117
wasm2c,25,10240,1,38,0.118
wasm2c,25,10240,1,39,0.118
wasm2c,25,10240,1,40,0.117
wasm2c,25,10240,1,41,0.118
wasm2c,25,10240,1,42,0.118
wasm2c,25,10240,1,43,0.118
wasm2c,25,10240,1,44,0.117
wasm2c,25,10240,1,45,0.117
wasm2c,25,10240,1,46,0.117
wasm2c,25,10240,1,47,0.118
wasm2c,25,10240,1,48,0.118
wasm2c,25,10240,1,49,0.118
wasm2c,25,10240,1,50,0.118
wasm2c,25,10240,1,51,0.118
wasm2c,25,10240,1,52,0.117
wasm2c,25,10240,1,53,0.118
wasm2c,25,10240,1,54,0.117
wasm2c,25,10240,1,55,0.117
wasm2c,25,10240,1,56,0.118
wasm2c,25,10240,1,57,0.117
wasm2c,25,10240,1,58,0.177
wasm2c,25,10240,1,59,0.169
wasm2c,25,10240,1,60,0.168
wasm2c,25,10240,1,61,0.169
wasm2c,25,10240,1,62,0.168
wasm2c,25,10240,1,63,0.169
wasm2c,25,10240,1,64,0.168
wasm2c,25,10240,1,65,0.169
wasm2c,25,10240,1,66,0.17
wasm2c,25,10240,1,67,0.174
wasm2c,25,10240,1,68,0.17
wasm2c,25,10240,1,69,0.169
wasm2c,25,10240,1,70,0.169
wasm2c,25,10240,1,71,0.169
wasm2c,25,10240,1,72,0.17
wasm2c,25,10240,1,73,0.182
wasm2c,25,10240,1,74,0.204
wasm2c,25,10240,1,75,0.187
wasm2c,25,10240,1,76,0.172
wasm2c,25,10240,1,77,0.209
wasm2c,25,10240,1,78,0.17
wasm2c,25,10240,1,79,0.169
wasm2c,25,10240,1,80,0.168
wasm2c,25,10240,1,81,0.172
wasm2c,25,10240,1,82,0.17
wasm2c,25,10240,1,83,0.169
wasm2c,25,10240,1,84,0.169
wasm2c,25,10240,1,85,0.168
wasm2c,25,10240,1,86,0.168
wasm2c,25,10240,1,87,0.169
wasm2c,25,10240,1,88,0.168
wasm2c,25,10240,1,89,0.173
wasm2c,25,10240,1,90,0.17
wasm2c,25,10240,1,91,0.17
wasm2c,25,10240,1,92,0.17
wasm2c,25,10240,1,93,0.172
wasm2c,25,10240,1,94,0.169
wasm2c,25,10240,1,95,0.173
wasm2c,25,10240,1,96,0.169
wasm2c,25,10240,1,97,0.169
wasm2c,25,10240,1,98,0.138
wasm2c,25,10240,1,99,0.129
wasm2c,25,1048576,1,0,9.878
wasm2c,25,1048576,1,1,9.94
wasm2c,25,1048576,1,2,10.141
wasm2c,25,1048576,1,3,10.444
wasm2c,25,1048576,1,4,10.359
wasm2c,25,1048576,1,5,10.01
wasm2c,25,1048576,1,6,10.135
wasm2c,25,1048576,1,7,9.872
wasm2c,25,1048576,1,8,10.073
wasm2c,25,1048576,1,9,10.494
wasm2c,25,1048576,1,10,12.611
wasm2c,25,1048576,1,11,10.25
wasm2c,25,1048576,1,12,9.892
wasm2c,25,1048576,1,13,9.928
wasm2c,25,1048576,1,14,9.745
wasm2c,25,1048576,1,15,9.725
wasm2c,25,1048576,1,16,10.121
wasm2c,25,1048576,1,17,9.711
wasm2c,25,1048576,1,18,9.674
wasm2c,25,1048576,1,19,9.867
wasm2c,25,1048576,1,20,9.789
wasm2c,25,1048576,1,21,10.634
wasm2c,25,1048576,1,22,9.779
wasm2c,25,1048576,1,23,9.764
wasm2c,25,1048576,1,24,9.734
wasm2c,25,1048576,1,25,9.784
wasm2c,25,1048576,1,26,9.72
wasm2c,25,1048576,1,27,9.761
wasm2c,25,1048576,1,28,9.665
wasm2c,25,1048576,1,29,9.649
wasm2c,25,1048576,1,30,9.647
wasm2c,25,1048576,1,31,9.655
wasm2c,25,1048576,1,32,9.693
wasm2c,25,1048576,1,33,9.702
wasm2c,25,1048576,1,34,9.653
wasm2c,25,1048576,1,35,9.676
wasm2c,25,1048576,1,36,9.635
wasm2c,25,1048576,1,37,9.715
wasm2c,25,1048576,1,38,9.751
wasm2c,25,1048576,1,39,9.653
wasm2c,25,1048576,1,40,9.723
wasm2c,25,1048576,1,41,9.697
wasm2c,25,1048576,1,42,9.663
wasm2c,25,1048576,1,43,9.663
wasm2c,25,1048576,1,44,9.655
wasm2c,25,1048576,1,45,9.634
wasm2c,25,1048576,1,46,9.651
wasm2c,25,1048576,1,47,9.708
wasm2c,25,1048576,1,48,9.676
wasm2c,25,1048576,1,49,9.659
wasm2c,25,1048576,1,50,10.114
wasm2c,25,1048576,1,51,10.44
wasm2c,25,1048576,1,52,10.262
wasm2c,25,1048576,1,53,9.692
wasm2c,25,1048576,1,54,9.696
wasm2c,25,1048576,1,55,10.029
wasm2c,25,1048576,1,56,9.874
wasm2c,25,1048576,1,57,10.315
wasm2c,25,1048576,1,58,10.15
wasm2c,25,1048576,1,59,10.087
wasm2c,25,1048576,1,60,10.244
wasm2c,25,1048576,1,61,10.315
wasm2c,25,1048576,1,62,9.834
wasm2c,25,1048576,1,63,9.722
wasm2c,25,1048576,1,64,9.771
wasm2c,25,1048576,1,65,10.344
wasm2c,25,1048576,1,66,10.525
wasm2c,25,1048576,1,67,10.382
wasm2c,25,1048576,1,68,10.441
wasm2c,25,1048576,1,69,10.133
wasm2c,25,1048576,1,70,10.214
wasm2c,25,1048576,1,71,9.746
wasm2c,25,1048576,1,72,9.663
wasm2c,25,1048576,1,73,9.746
wasm2c,25,1048576,1,74,9.721
wasm2c,25,1048576,1,75,9.722
wasm2c,25,1048576,1,76,9.756
wasm2c,25,1048576,1,77,9.864
wasm2c,25,1048576,1,78,9.84
wasm2c,25,1048576,1,79,9.869
wasm2c,25,1048576,1,80,9.801
wasm2c,25,1048576,1,81,9.831
wasm2c,25,1048576,1,82,9.733
wasm2c,25,1048576,1,83,10.245
wasm2c,25,1048576,1,84,9.774
wasm2c,25,1048576,1,85,9.732
wasm2c,25,1048576,1,86,9.78
wasm2c,25,1048576,1,87,9.772
wasm2c,25,1048576,1,88,9.739
wasm2c,25,1048576,1,89,9.725
wasm2c,25,1048576,1,90,9.917
wasm2c,25,1048576,1,91,9.876
wasm2c,25,1048576,1,92,9.826
wasm2c,25,1048576,1,93,9.764
wasm2c,25,1048576,1,94,9.747
wasm2c,25,1048576,1,95,9.746
wasm2c,25,1048576,1,96,9.879
wasm2c,25,1048576,1,97,9.771
wasm2c,25,1048576,1,98,9.772
wasm2c,25,1048576,1,99,9.832
wasm2c,25,10240,2,0,0.264
wasm2c,25,10240,2,1,0.139
wasm2c,25,10240,2,2,0.127
wasm2c,25,10240,2,3,0.123
wasm2c,25,10240,2,4,0.121
wasm2c,25,10240,2,5,0.119
wasm2c,25,10240,2,6,0.119
wasm2c,25,10240,2,7,0.119
wasm2c,25,10240,2,8,0.12
wasm2c,25,10240,2,9,0.131
wasm2c,25,10240,2,10,0.121
wasm2c,25,10240,2,11,0.119
wasm2c,25,10240,2,12,0.146
wasm2c,25,10240,2,13,0.119
wasm2c,25,10240,2,14,0.118
wasm2c,25,10240,2,15,0.117
wasm2c,25,10240,2,16,0.118
wasm2c,25,10240,2,17,0.118
wasm2c,25,10240,2,18,0.128
wasm2c,25,10240,2,19,0.12
wasm2c,25,10240,2,20,0.119
wasm2c,25,10240,2,21,0.118
wasm2c,25,10240,2,22,0.118
wasm2c,25,10240,2,23,0.118
wasm2c,25,10240,2,24,0.118
wasm2c,25,10240,2,25,0.117
wasm2c,25,10240,2,26,0.118
wasm2c,25,10240,2,27,0.129
wasm2c,25,10240,2,28,0.118
wasm2c,25,10240,2,29,0.117
wasm2c,25,10240,2,30,0.118
wasm2c,25,10240,2,31,0.118
wasm2c,25,10240,2,32,0.118
wasm2c,25,10240,2,33,0.118
wasm2c,25,10240,2,34,0.118
wasm2c,25,10240,2,35,0.118
wasm2c,25,10240,2,36,0.117
wasm2c,25,10240,2,37,0.126
wasm2c,25,10240,2,38,0.118
wasm2c,25,10240,2,39,0.118
wasm2c,25,10240,2,40,0.117
wasm2c,25,10240,2,41,0.118
wasm2c,25,10240,2,42,0.118
wasm2c,25,10240,2,43,0.117
wasm2c,25,10240,2,44,0.117
wasm2c,25,10240,2,45,0.117
wasm2c,25,10240,2,46,0.117
wasm2c,25,10240,2,47,0.118
wasm2c,25,10240,2,48,0.117
wasm2c,25,10240,2,49,0.117
wasm2c,25,10240,2,50,0.117
wasm2c,25,10240,2,51,0.118
wasm2c,25,10240,2,52,0.118
wasm2c,25,10240,2,53,0.117
wasm2c,25,10240,2,54,0.123
wasm2c,25,10240,2,55,0.118
wasm2c,25,10240,2,56,0.118
wasm2c,25,10240,2,57,0.118
wasm2c,25,10240,2,58,0.118
wasm2c,25,10240,2,59,0.118
wasm2c,25,10240,2,60,0.118
wasm2c,25,10240,2,61,0.118
wasm2c,25,10240,2,62,0.118
wasm2c,25,10240,2,63,0.118
wasm2c,25,10240,2,64,0.118
wasm2c,25,10240,2,65,0.147
wasm2c,25,10240,2,66,0.12
wasm2c,25,10240,2,67,0.12
wasm2c,25,10240,2,68,0.118
wasm2c,25,10240,2,69,0.118
wasm2c,25,10240,2,70,0.118
wasm2c,25,10240,2,71,0.118
wasm2c,25,10240,2,72,0.118
wasm2c,25,10240,2,73,0.118
wasm2c,25,10240,2,74,0.118
wasm2c,25,10240,2,75,0.119
wasm2c,25,10240,2,76,0.125
wasm2c,25,10240,2,77,0.119
wasm2c,25,10240,2,78,0.118
wasm2c,25,10240,2,79,0.118
wasm2c,25,10240,2,80,0.118
wasm2c,25,10240,2,81,0.118
wasm2c,25,10240,2,82,0.118
wasm2c,25,10240,2,83,0.118
wasm2c,25,10240,2,84,0.118
wasm2c,25,10240,2,85,0.118
wasm2c,25,10240,2,86,0.119
wasm2c,25,10240,2,87,0.119
wasm2c,25,10240,2,88,0.118
wasm2c,25,10240,2,89,0.118
wasm2c,25,10240,2,90,0.118
wasm2c,25,10240,2,91,0.118
wasm2c,25,10240,2,92,0.119
wasm2c,25,10240,2,93,0.214
wasm2c,25,10240,2,94,0.136
wasm2c,25,10240,2,95,0.122
wasm2c,25,10240,2,96,0.121
wasm2c,25,10240,2,97,0.118
wasm2c,25,10240,2,98,0.118
wasm2c,25,10240,2,99,0.118
wasm2c,25,1048576,2,0,9.727
wasm2c,25,1048576,2,1,9.706
wasm2c,25,1048576,2,2,9.748
wasm2c,25,1048576,2,3,9.73
wasm2c,25,1048576,2,4,9.651
wasm2c,25,1048576,2,5,9.754
wasm2c,25,1048576,2,6,9.727
wasm2c,25,1048576,2,7,9.795
wasm2c,25,1048576,2,8,9.745
wasm2c,25,1048576,2,9,9.885
wasm2c,25,1048576,2,10,9.963
wasm2c,25,1048576,2,11,9.737
wasm2c,25,1048576,2,12,9.843
wasm2c,25,1048576,2,13,9.783
wasm2c,25,1048576,2,14,9.841
wasm2c,25,1048576,2,15,9.776
wasm2c,25,1048576,2,16,9.912
wasm2c,25,1048576,2,17,9.827
wasm2c,25,1048576,2,18,9.83
wasm2c,25,1048576,2,19,9.722
wasm2c,25,1048576,2,20,9.65
wasm2c,25,1048576,2,21,9.665
wasm2c,25,1048576,2,22,9.693
wasm2c,25,1048576,2,23,9.644
wasm2c,25,1048576,2,24,9.865
wasm2c,25,1048576,2,25,9.995
wasm2c,25,1048576,2,26,10.833
wasm2c,25,1048576,2,27,10.201
wasm2c,25,1048576,2,28,12.187
wasm2c,25,1048576,2,29,10.04
wasm2c,25,1048576,2,30,10.07
wasm2c,25,1048576,2,31,9.682
wasm2c,25,1048576,2,32,9.706
wasm2c,25,1048576,2,33,9.65
wasm2c,25,1048576,2,34,9.646
wasm2c,25,1048576,2,35,9.669
wasm2c,25,1048576,2,36,9.646
wasm2c,25,1048576,2,37,9.69
wasm2c,25,1048576,2,38,9.844
wasm2c,25,1048576,2,39,9.722
wasm2c,25,1048576,2,40,9.734
wasm2c,25,1048576,2,41,9.713
wasm2c,25,1048576,2,42,9.727
wasm2c,25,1048576,2,43,9.656
wasm2c,25,1048576,2,44,10.275
wasm2c,25,1048576,2,45,9.685
wasm2c,25,1048576,2,46,9.611
wasm2c,25,1048576,2,47,9.652
wasm2c,25,1048576,2,48,9.618
wasm2c,25,1048576,2,49,10.294
wasm2c,25,1048576,2,50,9.877
wasm2c,25,1048576,2,51,9.712
wasm2c,25,1048576,2,52,9.688
wasm2c,25,1048576,2,53,9.758
wasm2c,25,1048576,2,54,11.33
wasm2c,25,1048576,2,55,9.894
wasm2c,25,1048576,2,56,10.24
wasm2c,25,1048576,2,57,9.966
wasm2c,25,1048576,2,58,10.083
wasm2c,25,1048576,2,59,9.861
wasm2c,25,1048576,2,60,9.793
wasm2c,25,1048576,2,61,9.729
wasm2c,25,1048576,2,62,9.688
wasm2c,25,1048576,2,63,9.63
wasm2c,25,1048576,2,64,9.754
wasm2c,25,1048576,2,65,9.828
wasm2c,25,1048576,2,66,9.701
wasm2c,25,1048576,2,67,9.71
wasm2c,25,1048576,2,68,10.208
wasm2c,25,1048576,2,69,9.964
wasm2c,25,1048576,2,70,9.834
wasm2c,25,1048576,2,71,9.828
wasm2c,25,1048576,2,72,9.795
wasm2c,25,1048576,2,73,9.856
wasm2c,25,1048576,2,74,9.835
wasm2c,25,1048576,2,75,9.799
wasm2c,25,1048576,2,76,9.783
wasm2c,25,1048576,2,77,9.759
wasm2c,25,1048576,2,78,9.784
wasm2c,25,1048576,2,79,9.82
wasm2c,25,1048576,2,80,10.09
wasm2c,25,1048576,2,81,9.818
wasm2c,25,1048576,2,82,9.75
wasm2c,25,1048576,2,83,9.88
wasm2c,25,1048576,2,84,9.725
wasm2c,25,1048576,2,85,9.87
wasm2c,25,1048576,2,86,9.77
wasm2c,25,1048576,2,87,9.694
wasm2c,25,1048576,2,88,9.674
wasm2c,25,1048576,2,89,9.737
wasm2c,25,1048576,2,90,9.716
wasm2c,25,1048576,2,91,9.712
wasm2c,25,1048576,2,92,9.69
wasm2c,25,1048576,2,93,9.69
wasm2c,25,1048576,2,94,9.707
wasm2c,25,1048576,2,95,9.977
wasm2c,25,1048576,2,96,9.82
wasm2c,25,1048576,2,97,9.797
wasm2c,25,1048576,2,98,9.728
wasm2c,25,1048576,2,99,9.786
process,10,10240,0,0,0.672
process,10,10240,0,1,0.586
process,10,10240,0,2,0.664
process,10,10240,0,3,0.567
process,10,10240,0,4,0.613
process,10,10240,0,5,0.632
process,10,10240,0,6,0.556
process,10,10240,0,7,0.568
process,10,10240,0,8,0.529
process,10,10240,0,9,0.557
process,10,10240,0,10,0.555
process,10,10240,0,11,0.551
process,10,10240,0,12,0.535
process,10,10240,0,13,0.543
process,10,10240,0,14,0.594
process,10,10240,0,15,0.648
process,10,10240,0,16,0.651
process,10,10240,0,17,0.565
process,10,10240,0,18,0.665
process,10,10240,0,19,0.6
process,10,10240,0,20,0.605
process,10,10240,0,21,0.573
process,10,10240,0,22,0.613
process,10,10240,0,23,0.513
process,10,10240,0,24,0.511
process,10,10240,0,25,0.616
process,10,10240,0,26,0.525
process,10,10240,0,27,0.519
process,10,10240,0,28,0.561
process,10,10240,0,29,0.53
process,10,10240,0,30,0.589
process,10,10240,0,31,0.531
process,10,10240,0,32,0.566
process,10,10240,0,33,0.522
process,10,10240,0,34,0.545
process,10,10240,0,35,0.508
process,10,10240,0,36,0.501
process,10,10240,0,37,0.501
process,10,10240,0,38,0.509
process,10,10240,0,39,0.565
process,10,10240,0,40,0.511
process,10,10240,0,41,0.531
process,10,10240,0,42,0.591
process,10,10240,0,43,0.516
process,10,10240,0,44,0.629
process,10,10240,0,45,0.803
process,10,10240,0,46,0.541
process,10,10240,0,47,0.526
process,10,10240,0,48,0.579
process,10,10240,0,49,0.62
process,10,10240,0,50,0.567
process,10,10240,0,51,0.612
process,10,10240,0,52,0.54
process,10,10240,0,53,0.541
process,10,10240,0,54,0.563
process,10,10240,0,55,0.576
process,10,10240,0,56,0.569
process,10,10240,0,57,0.557
process,10,10240,0,58,0.692
process,10,10240,0,59,0.536
process,10,10240,0,60,0.551
process,10,10240,0,61,0.575
process,10,10240,0,62,0.59
process,10,10240,0,63,0.583
process,10,10240,0,64,0.681
process,10,10240,0,65,0.59
process,10,10240,0,66,0.561
process,10,10240,0,67,0.579
process,10,10240,0,68,0.59
process,10,10240,0,69,0.634
process,10,10240,0,70,0.656
process,10,10240,0,71,0.528
process,10,10240,0,72,0.672
process,10,10240,0,73,0.649
process,10,10240,0,74,0.552
process,10,10240,0,75,0.655
process,10,10240,0,76,0.537
process,10,10240,0,77,0.532
process,10,10240,0,78,0.562
process,10,10240,0,79,0.519
process,10,10240,0,80,0.567
process,10,10240,0,81,0.502
process,10,10240,0,82,0.527
process,10,10240,0,83,0.535
process,10,10240,0,84,0.57
process,10,10240,0,85,0.56
process,10,10240,0,86,0.657
process,10,10240,0,87,0.558
process,10,10240,0,88,0.557
process,10,10240,0,89,0.576
process,10,10240,0,90,0.574
process,10,10240,0,91,0.541
process,10,10240,0,92,0.544
process,10,10240,0,93,0.568
process,10,10240,0,94,0.559
process,10,10240,0,95,0.608
process,10,10240,0,96,0.551
process,10,10240,0,97,0.535
process,10,10240,0,98,0.553
process,10,10240,0,99,0.585
process,10,1048576,0,0,1.517
process,10,1048576,0,1,1.559
process,10,1048576,0,2,1.826
process,10,1048576,0,3,1.679
process,10,1048576,0,4,2.384
process,10,1048576,0,5,1.766
process,10,1048576,0,6,1.733
process,10,1048576,0,7,1.687
process,10,1048576,0,8,1.779
process,10,1048576,0,9,1.589
process,10,1048576,0,10,1.611
process,10,1048576,0,11,1.715
process,10,1048576,0,12,1.705
process,10,1048576,0,13,1.636
process,10,1048576,0,14,1.608
process,10,1048576,0,15,1.622
process,10,1048576,0,16,1.631
process,10,1048576,0,17,1.61
process,10,1048576,0,18,1.805
process,10,1048576,0,19,1.574
process,10,1048576,0,20,1.773
process,10,1048576,0,21,1.845
process,10,1048576,0,22,1.879
process,10,1048576,0,23,1.615
process,10,1048576,0,24,1.765
process,10,1048576,0,25,1.79
process,10,1048576,0,26,1.653
process,10,1048576,0,27,1.817
process,10,1048576,0,28,1.722
process,10,1048576,0,29,1.795
process,10,1048576,0,30,1.824
process,10,1048576,0,31,1.676
process,10,1048576,0,32,1.588
process,10,1048576,0,33,1.713
process,10,1048576,0,34,1.651
process,10,1048576,0,35,1.551
process,10,1048576,0,36,1.709
process,10,1048576,0,37,1.594
process,10,1048576,0,38,1.719
process,10,1048576,0,39,1.798
process,10,1048576,0,40,1.651
process,10,1048576,0,41,1.779
process,10,1048576,0,42,1.945
process,10,1048576,0,43,1.836
process,10,1048576,0,44,1.771
process,10,1048576,0,45,1.639
process,10,1048576,0,46,1.594
process,10,1048576,0,47,1.622
process,10,1048576,0,48,1.61
process,10,1048576,0,49,1.751
process,10,1048576,0,50,1.904
process,10,1048576,0,51,2.631
process,10,1048576,0,52,1.812
process,10,1048576,0,53,1.815
process,10,1048576,0,54,1.716
process,10,1048576,0,55,1.863
process,10,1048576,0,56,1.622
process,10,1048576,0,57,1.69
process,10,1048576,0,58,1.688
process,10,1048576,0,59,1.755
process,10,1048576,0,60,1.775
process,10,1048576,0,61,1.799
process,10,1048576,0,62,1.794
process,10,1048576,0,63,1.738
process,10,1048576,0,64,1.761
process,10,1048576,0,65,1.654
process,10,1048576,0,66,1.706
process,10,1048576,0,67,1.527
process,10,1048576,0,68,1.78
process,10,1048576,0,69,1.55
process,10,1048576,0,70,1.878
process,10,1048576,0,71,1.536
process,10,1048576,0,72,1.942
process,10,1048576,0,73,1.884
process,10,1048576,0,74,1.928
process,10,1048576,0,75,1.774
process,10,1048576,0,76,1.771
process,10,1048576,0,77,1.721
process,10,1048576,0,78,1.535
process,10,1048576,0,79,1.736
process,10,1048576,0,80,1.535
process,10,1048576,0,81,1.631
process,10,1048576,0,82,1.59
process,10,1048576,0,83,1.714
process,10,1048576,0,84,1.686
process,10,1048576,0,85,1.711
process,10,1048576,0,86,1.64
process,10,1048576,0,87,1.831
process,10,1048576,0,88,1.659
process,10,1048576,0,89,1.651
process,10,1048576,0,90,1.788
process,10,1048576,0,91,1.78
process,10,1048576,0,92,1.496
process,10,1048576,0,93,1.701
process,10,1048576,0,94,2.421
process,10,1048576,0,95,2.151
process,10,1048576,0,96,1.777
process,10,1048576,0,97,1.791
process,10,1048576,0,98,1.709
process,10,1048576,0,99,1.74
process,10,10240,1,0,0.875
process,10,10240,1,1,0.616
process,10,10240,1,2,0.526
process,10,10240,1,3,0.484
process,10,10240,1,4,0.525
process,10,10240,1,5,0.528
process,10,10240,1,6,0.54
process,10,10240,1,7,0.969
process,10,10240,1,8,0.572
process,10,10240,1,9,0.525
process,10,10240,1,10,0.535
process,10,10240,1,11,0.516
process,10,10240,1,12,0.622
process,10,10240,1,13,0.591
process,10,10240,1,14,0.571
process,10,10240,1,15,0.531
process,10,10240,1,16,0.545
process,10,10240,1,17,0.57
process,10,10240,1,18,0.726
process,10,10240,1,19,0.523
process,10,10240,1,20,0.681
process,10,10240,1,21,0.588
process,10,10240,1,22,0.643
process,10,10240,1,23,0.58
process,10,10240,1,24,0.564
process,10,10240,1,25,0.589
process,10,10240,1,26,0.594
process,10,10240,1,27,0.538
process,10,10240,1,28,0.582
process,10,10240,1,29,0.506
process,10,10240,1,30,0.633
process,10,10240,1,31,0.479
process,10,10240,1,32,0.638
process,10,10240,1,33,0.605
process,10,10240,1,34,0.619
process,10,10240,1,35,0.598
process,10,10240,1,36,0.576
process,10,10240,1,37,0.593
process,10,10240,1,38,0.517
process,10,10240,1,39,0.492
process,10,10240,1,40,0.588
process,10,10240,1,41,0.498
process,10,10240,1,42,0.531
process,10,10240,1,43,0.524
process,10,10240,1,44,0.641
process,10,10240,1,45,0.581
process,10,10240,1,46,0.593
process,10,10240,1,47,0.642
process,10,10240,1,48,0.506
process,10,10240,1,49,0.595
process,10,10240,1,50,0.577
process,10,10240,1,51,0.594
process,10,10240,1,52,0.593
process,10,10240,1,53,0.523
process,10,10240,1,54,0.627
process,10,10240,1,55,0.577
process,10,10240,1,56,0.584
process,10,10240,1,57,0.73
process,10,10240,1,58,0.525
process,10,10240,1,59,0.706
process,10,10240,1,60,0.53
process,10,10240,1,61,0.513
process,10,10240,1,62,0.557
process,10,10240,1,63,0.571
process,10,10240,1,64,0.597
process,10,10240,1,65,0.548
process,10,10240,1,66,0.55
process,10,10240,1,67,0.522
process,10,10240,1,68,0.527
process,10,10240,1,69,0.661
process,10,10240,1,70,0.579
process,10,10240,1,71,0.56
process,10,10240,1,72,0.607
process,10,10240,1,73,0.65
process,10,10240,1,74,0.617
process,10,10240,1,75,0.625
process,10,10240,1,76,0.533
process,10,10240,1,77,0.538
process,10,10240,1,78,0.574
process,10,10240,1,79,0.834
process,10,10240,1,80,0.563
process,10,10240,1,81,0.518
process,10,10240,1,82,0.613
process,10,10240,1,83,0.57
process,10,10240,1,84,0.507
process,10,10240,1,85,0.665
process,10,10240,1,86,0.661
process,10,10240,1,87,0.619
process,10,10240,1,88,0.626
process,10,10240,1,89,0.734
process,10,10240,1,90,0.634
process,10,10240,1,91,0.582
process,10,10240,1,92,0.506
process,10,10240,1,93,0.581
process,10,10240,1,94,0.592
process,10,10240,1,95,0.582
process,10,10240,1,96,0.56
process,10,10240,1,97,0.532
process,10,10240,1,98,0.658
process,10,10240,1,99,0.547
process,10,1048576,1,0,1.732
process,10,1048576,1,1,1.885
process,10,1048576,1,2,1.623
process,10,1048576,1,3,1.7
process,10,1048576,1,4,1.789
process,10,1048576,1,5,1.735
process,10,1048576,1,6,1.687
process,10,1048576,1,7,1.783
process,10,1048576,1,8,1.756
process,10,1048576,1,9,1.821
process,10,1048576,1,10,1.655
process,10,1048576,1,11,1.92
process,10,1048576,1,12,1.737
process,10,1048576,1,13,1.608
process,10,1048576,1,14,1.719
process,10,1048576,1,15,1.785
process,10,1048576,1,16,1.704
process,10,1048576,1,17,1.709
process,10,1048576,1,18,1.638
process,10,1048576,1,19,1.932
process,10,1048576,1,20,2.292
process,10,1048576,1,21,1.528
process,10,1048576,1,22,1.679
process,10,1048576,1,23,1.496
process,10,1048576,1,24,1.596
process,10,1048576,1,25,1.7
process,10,1048576,1,26,1.623
process,10,1048576,1,27,1.685
process,10,1048576,1,28,1.79
process,10,1048576,1,29,1.698
process,10,1048576,1,30,1.636
process,10,1048576,1,31,1.767
process,10,1048576,1,32,1.766
process,10,1048576,1,33,1.723
process,10,1048576,1,34,1.766
process,10,1048576,1,35,1.705
process,10,1048576,1,36,1.74
process,10,1048576,1,37,1.663
process,10,1048576,1,38,1.79
process,10,1048576,1,39,1.724
process,10,1048576,1,40,1.689
process,10,1048576,1,41,1.695
process,10,1048576,1,42,1.653
process,10,1048576,1,43,1.717
process,10,1048576,1,44,1.942
process,10,1048576,1,45,1.647
process,10,1048576,1,46,2.055
process,10,1048576,1,47,1.857
process,10,1048576,1,48,1.955
process,10,1048576,1,49,1.97
process,10,1048576,1,50,1.857
process,10,1048576,1,51,1.715
process,10,1048576,1,52,1.693
process,10,1048576,1,53,1.832
process,10,1048576,1,54,1.803
process,10,1048576,1,55,1.804
process,10,1048576,1,56,1.641
process,10,1048576,1,57,1.743
process,10,1048576,1,58,1.717
process,10,1048576,1,59,1.668
process,10,1048576,1,60,1.565
process,10,1048576,1,61,1.781
process,10,1048576,1,62,1.831
process,10,1048576,1,63,1.724
process,10,1048576,1,64,1.558
process,10,1048576,1,65,1.646
process,10,1048576,1,66,1.635
process,10,1048576,1,67,1.533
process,10,1048576,1,68,1.814
process,10,1048576,1,69,1.804
process,10,1048576,1,70,1.589
process,10,1048576,1,71,1.666
process,10,1048576,1,72,1.642
process,10,1048576,1,73,1.575
process,10,1048576,1,74,1.624
process,10,1048576,1,75,1.693
process,10,1048576,1,76,1.703
process,10,1048576,1,77,1.71
process,10,1048576,1,78,1.728
process,10,1048576,1,79,1.808
process,10,1048576,1,80,1.675
process,10,1048576,1,81,1.687
process,10,1048576,1,82,1.89
process,10,1048576,1,83,1.712
process,10,1048576,1,84,1.769
process,10,1048576,1,85,1.825
process,10,1048576,1,86,1.66
process,10,1048576,1,87,1.741
process,10,1048576,1,88,1.73
process,10,1048576,1,89,1.653
process,10,1048576,1,90,1.596
process,10,1048576,1,91,1.782
process,10,1048576,1,92,1.581
process,10,1048576,1,93,1.719
process,10,1048576,1,94,1.536
process,10,1048576,1,95,1.691
process,10,1048576,1,96,1.698
process,10,1048576,1,97,1.742
process,10,1048576,1,98,1.755
process,10,1048576,1,99,1.805
process,10,10240,2,0,0.719
process,10,10240,2,1,0.704
process,10,10240,2,2,0.588
process,10,10240,2,3,0.665
process,10,10240,2,4,0.547
process,10,10240,2,5,0.558
process,10,10240,2,6,0.599
process,10,10240,2,7,0.842
process,10,10240,2,8,0.608
process,10,10240,2,9,0.579
process,10,10240,2,10,0.636
process,10,10240,2,11,0.554
process,10,10240,2,12,0.632
process,10,10240,2,13,0.589
process,10,10240,2,14,0.588
process,10,10240,2,15,0.581
process,10,10240,2,16,0.564
process,10,10240,2,17,0.531
process,10,10240,2,18,0.524
process,10,10240,2,19,0.485
process,10,10240,2,20,0.568
process,10,10240,2,21,0.576
process,10,10240,2,22,0.783
process,10,10240,2,23,0.634
process,10,10240,2,24,0.656
process,10,10240,2,25,0.544
process,10,10240,2,26,0.705
process,10,10240,2,27,0.594
process,10,10240,2,28,0.612
process,10,10240,2,29,0.655
process,10,10240,2,30,0.645
process,10,10240,2,31,0.661
process,10,10240,2,32,0.57
process,10,10240,2,33,0.637
process,10,10240,2,34,0.581
process,10,10240,2,35,0.589
process,10,10240,2,36,0.594
process,10,10240,2,37,0.569
process,10,10240,2,38,0.646
process,10,10240,2,39,0.646
process,10,10240,2,40,0.745
process,10,10240,2,41,0.938
process,10,10240,2,42,0.583
process,10,10240,2,43,0.605
process,10,10240,2,44,0.589
process,10,10240,2,45,0.659
process,10,10240,2,46,0.664
process,10,10240,2,47,0.63
process,10,10240,2,48,0.577
process,10,10240,2,49,0.566
process,10,10240,2,50,0.595
process,10,10240,2,51,0.672
process,10,10240,2,52,0.547
process,10,10240,2,53,0.576
process,10,10240,2,54,0.629
process,10,10240,2,55,0.703
process,10,10240,2,56,0.618
process,10,10240,2,57,0.573
process,10,10240,2,58,0.553
process,10,10240,2,59,0.643
process,10,10240,2,60,0.52
process,10,10240,2,61,0.549
process,10,10240,2,62,0.566
process,10,10240,2,63,0.638
process,10,10240,2,64,0.536
process,10,10240,2,65,0.573
process,10,10240,2,66,0.603
process,10,10240,2,67,0.699
process,10,10240,2,68,0.507
process,10,10240,2,69,0.568
process,10,10240,2,70,0.542
process,10,10240,2,71,0.642
process,10,10240,2,72,0.541
process,10,10240,2,73,0.533
process,10,10240,2,74,0.551
process,10,10240,2,75,0.6
process,10,10240,2,76,0.547
process,10,10240,2,77,0.58
process,10,10240,2,78,0.603
process,10,10240,2,79,0.549
process,10,10240,2,80,0.511
process,10,10240,2,81,0.763
process,10,10240,2,82,0.613
process,10,10240,2,83,0.555
process,10,10240,2,84,0.609
process,10,10240,2,85,0.612
process,10,10240,2,86,0.665
process,10,10240,2,87,0.548
process,10,10240,2,88,0.649
process,10,10240,2,89,0.589
process,10,10240,2,90,0.563
process,10,10240,2,91,0.744
process,10,10240,2,92,0.595
process,10,10240,2,93,0.594
process,10,10240,2,94,0.528
process,10,10240,2,95,0.548
process,10,10240,2,96,0.649
process,10,10240,2,97,0.595
process,10,10240,2,98,0.583
process,10,10240,2,99,0.633
process,10,1048576,2,0,2.583
process,10,1048576,2,1,1.911
process,10,1048576,2,2,1.787
process,10,1048576,2,3,1.715
process,10,1048576,2,4,1.768
process,10,1048576,2,5,1.667
process,10,1048576,2,6,1.623
process,10,1048576,2,7,1.799
process,10,1048576,2,8,1.63
process,10,1048576,2,9,1.7
process,10,1048576,2,10,1.88
process,10,1048576,2,11,1.913
process,10,1048576,2,12,1.858
process,10,1048576,2,13,1.742
process,10,1048576,2,14,1.629
process,10,1048576,2,15,1.827
process,10,1048576,2,16,1.662
process,10,1048576,2,17,1.864
process,10,1048576,2,18,1.821
process,10,1048576,2,19,1.685
process,10,1048576,2,20,1.545
process,10,1048576,2,21,1.602
process,10,1048576,2,22,1.621
process,10,1048576,2,23,1.581
process,10,1048576,2,24,1.814
process,10,1048576,2,25,1.642
process,10,1048576,2,26,1.775
process,10,1048576,2,27,1.799
process,10,1048576,2,28,1.644
process,10,1048576,2,29,1.726
process,10,1048576,2,30,1.657
process,10,1048576,2,31,1.816
process,10,1048576,2,32,1.676
process,10,1048576,2,33,1.725
process,10,1048576,2,34,1.642
process,10,1048576,2,35,1.609
process,10,1048576,2,36,1.563
process,10,1048576,2,37,1.588
process,10,1048576,2,38,1.702
process,10,1048576,2,39,1.552
process,10,1048576,2,40,1.805
process,10,1048576,2,41,1.932
process,10,1048576,2,42,1.67
process,10,1048576,2,43,1.765
process,10,1048576,2,44,1.667
process,10,1048576,2,45,1.665
process,10,1048576,2,46,1.783
process,10,1048576,2,47,1.862
process,10,1048576,2,48,1.74
process,10,1048576,2,49,1.768
process,10,1048576,2,50,1.761
process,10,1048576,2,51,1.722
process,10,1048576,2,52,1.74
process,10,1048576,2,53,1.79
process,10,1048576,2,54,1.712
process,10,1048576,2,55,1.729
process,10,1048576,2,56,1.764
process,10,1048576,2,57,1.783
process,10,1048576,2,58,1.707
process,10,1048576,2,59,1.488
process,10,1048576,2,60,1.727
process,10,1048576,2,61,1.973
process,10,1048576,2,62,1.682
process,10,1048576,2,63,1.681
process,10,1048576,2,64,1.751
process,10,1048576,2,65,1.64
process,10,1048576,2,66,1.798
process,10,1048576,2,67,1.634
process,10,1048576,2,68,1.709
process,10,1048576,2,69,1.927
process,10,1048576,2,70,1.838
process,10,1048576,2,71,1.776
process,10,1048576,2,72,1.75
process,10,1048576,2,73,1.681
process,10,1048576,2,74,1.632
process,10,1048576,2,75,1.77
process,10,1048576,2,76,1.798
process,10,1048576,2,77,1.736
process,10,1048576,2,78,1.725
process,10,1048576,2,79,1.817
process,10,1048576,2,80,1.77
process,10,1048576,2,81,1.775
process,10,1048576,2,82,1.688
process,10,1048576,2,83,2.028
process,10,1048576,2,84,1.686
process,10,1048576,2,85,1.857
process,10,1048576,2,86,2.071
process,10,1048576,2,87,1.649
process,10,1048576,2,88,1.666
process,10,1048576,2,89,1.811
process,10,1048576,2,90,1.739
process,10,1048576,2,91,1.848
process,10,1048576,2,92,1.668
process,10,1048576,2,93,1.74
process,10,1048576,2,94,1.939
process,10,1048576,2,95,1.896
process,10,1048576,2,96,1.922
process,10,1048576,2,97,1.932
process,10,1048576,2,98,1.797
process,10,1048576,2,99,1.876
adaptive,10,10240,0,0,0.735
adaptive,10,10240,0,1,0.668
adaptive,10,10240,0,2,0.47
adaptive,10,10240,0,3,0.259
adaptive,10,10240,0,4,0.252
adaptive,10,10240,0,5,0.249
adaptive,10,10240,0,6,0.267
adaptive,10,10240,0,7,0.246
adaptive,10,10240,0,8,0.253
adaptive,10,10240,0,9,0.238
adaptive,10,10240,0,10,0.281
adaptive,10,10240,0,11,0.234
adaptive,10,10240,0,12,0.25
adaptive,10,10240,0,13,0.267
adaptive,10,10240,0,14,0.252
adaptive,10,10240,0,15,0.247
adaptive,10,10240,0,16,0.244
adaptive,10,10240,0,17,0.243
adaptive,10,10240,0,18,0.25
adaptive,10,10240,0,19,0.258
adaptive,10,10240,0,20,0.283
adaptive,10,10240,0,21,0.241
adaptive,10,10240,0,22,0.241
adaptive,10,10240,0,23,0.244
adaptive,10,10240,0,24,0.16
adaptive,10,10240,0,25,0.136
adaptive,10,10240,0,26,0.125
adaptive,10,10240,0,27,0.122
adaptive,10,10240,0,28,0.122
adaptive,10,10240,0,29,0.122
adaptive,10,10240,0,30,0.125
adaptive,10,10240,0,31,0.123
adaptive,10,10240,0,32,0.127
adaptive,10,10240,0,33,0.123
adaptive,10,10240,0,34,0.124
adaptive,10,10240,0,35,0.125
adaptive,10,10240,0,36,0.158
adaptive,10,10240,0,37,0.127
adaptive,10,10240,0,38,0.126
adaptive,10,10240,0,39,0.123
adaptive,10,10240,0,40,0.121
adaptive,10,10240,0,41,0.121
adaptive,10,10240,0,42,0.126
adaptive,10,10240,0,43,0.131
adaptive,10,10240,0,44,0.123
adaptive,10,10240,0,45,0.187
adaptive,10,10240,0,46,0.129
adaptive,10,10240,0,47,0.124
adaptive,10,10240,0,48,0.121
adaptive,10,10240,0,49,0.124
adaptive,10,10240,0,50,0.123
adaptive,10,10240,0,51,0.121
adaptive,10,10240,0,52,0.121
adaptive,10,10240,0,53,0.121
adaptive,10,10240,0,54,0.12
adaptive,10,10240,0,55,0.121
adaptive,10,10240,0,56,0.121
adaptive,10,10240,0,57,0.121
adaptive,10,10240,0,58,0.12
adaptive,10,10240,0,59,0.121
adaptive,10,10240,0,60,0.121
adaptive,10,10240,0,61,0.121
adaptive,10,10240,0,62,0.121
adaptive,10,10240,0,63,0.121
adaptive,10,10240,0,64,0.122
adaptive,10,10240,0,65,0.121
adaptive,10,10240,0,66,0.119
adaptive,10,10240,0,67,0.12
adaptive,10,10240,0,68,0.122
adaptive,10,10240,0,69,0.119
adaptive,10,10240,0,70,0.119
adaptive,10,10240,0,71,0.125
adaptive,10,10240,0,72,0.12
adaptive,10,10240,0,73,0.119
adaptive,10,10240,0,74,0.128
adaptive,10,10240,0,75,0.121
adaptive,10,10240,0,76,0.119
adaptive,10,10240,0,77,0.119
adaptive,10,10240,0,78,0.119
adaptive,10,10240,0,79,0.119
adaptive,10,10240,0,80,0.119
adaptive,10,10240,0,81,0.12
adaptive,10,10240,0,82,0.12
adaptive,10,10240,0,83,0.12
adaptive,10,10240,0,84,0.119
adaptive,10,10240,0,85,0.119
adaptive,10,10240,0,86,0.119
adaptive,10,10240,0,87,0.119
adaptive,10,10240,0,88,0.119
adaptive,10,10240,0,89,0.119
adaptive,10,10240,0,90,0.119
adaptive,10,10240,0,91,0.119
adaptive,10,10240,0,92,0.119
adaptive,10,10240,0,93,0.119
adaptive,10,10240,0,94,0.238
adaptive,10,10240,0,95,0.205
adaptive,10,10240,0,96,0.131
adaptive,10,10240,0,97,0.134
adaptive,10,10240,0,98,0.122
adaptive,10,10240,0,99,0.121
adaptive,10,1048576,0,0,9.72
adaptive,10,1048576,0,1,9.49
adaptive,10,1048576,0,2,9.527
adaptive,10,1048576,0,3,9.719
adaptive,10,1048576,0,4,9.451
adaptive,10,1048576,0,5,1.781
adaptive,10,1048576,0,6,1.724
adaptive,10,1048576,0,7,1.55
adaptive,10,1048576,0,8,1.583
adaptive,10,1048576,0,9,1.623
adaptive,10,1048576,0,10,1.731
adaptive,10,1048576,0,11,1.535
adaptive,10,1048576,0,12,1.749
adaptive,10,1048576,0,13,1.618
adaptive,10,1048576,0,14,1.682
adaptive,10,1048576,0,15,1.663
adaptive,10,1048576,0,16,1.546
adaptive,10,1048576,0,17,1.665
adaptive,10,1048576,0,18,1.882
adaptive,10,1048576,0,19,1.756
adaptive,10,1048576,0,20,1.726
adaptive,10,1048576,0,21,1.562
adaptive,10,1048576,0,22,1.703
adaptive,10,1048576,0,23,1.723
adaptive,10,1048576,0,24,1.519
adaptive,10,1048576,0,25,1.586
adaptive,10,1048576,0,26,1.637
adaptive,10,1048576,0,27,1.701
adaptive,10,1048576,0,28,1.727
adaptive,10,1048576,0,29,1.525
adaptive,10,1048576,0,30,1.942
adaptive,10,1048576,0,31,1.767
adaptive,10,1048576,0,32,1.892
adaptive,10,1048576,0,33,1.556
adaptive,10,1048576,0,34,1.754
adaptive,10,1048576,0,35,1.806
adaptive,10,1048576,0,36,1.843
adaptive,10,1048576,0,37,1.83
adaptive,10,1048576,0,38,1.745
adaptive,10,1048576,0,39,1.943
adaptive,10,1048576,0,40,1.748
adaptive,10,1048576,0,41,1.775
adaptive,10,1048576,0,42,1.748
adaptive,10,1048576,0,43,1.718
adaptive,10,1048576,0,44,1.584
adaptive,10,1048576,0,45,1.693
adaptive,10,1048576,0,46,1.444
adaptive,10,1048576,0,47,1.64
adaptive,10,1048576,0,48,1.98
adaptive,10,1048576,0,49,1.817
adaptive,10,1048576,0,50,1.765
adaptive,10,1048576,0,51,1.728
adaptive,10,1048576,0,52,1.688
adaptive,10,1048576,0,53,2.201
adaptive,10,1048576,0,54,2.132
adaptive,10,1048576,0,55,1.614
adaptive,10,1048576,0,56,1.683
adaptive,10,1048576,0,57,2.141
adaptive,10,1048576,0,58,1.84
adaptive,10,1048576,0,59,1.925
adaptive,10,1048576,0,60,1.568
adaptive,10,1048576,0,61,1.695
adaptive,10,1048576,0,62,1.471
adaptive,10,1048576,0,63,1.675
adaptive,10,1048576,0,64,1.534
adaptive,10,1048576,0,65,1.748
adaptive,10,1048576,0,66,1.886
adaptive,10,1048576,0,67,1.875
adaptive,10,1048576,0,68,1.847
adaptive,10,1048576,0,69,1.886
adaptive,10,1048576,0,70,2.059
adaptive,10,1048576,0,71,1.732
adaptive,10,1048576,0,72,2.045
adaptive,10,1048576,0,73,2.285
adaptive,10,1048576,0,74,1.974
adaptive,10,1048576,0,75,1.757
adaptive,10,1048576,0,76,2.721
adaptive,10,1048576,0,77,1.768
adaptive,10,1048576,0,78,2.374
adaptive,10,1048576,0,79,1.608
adaptive,10,1048576,0,80,2.184
adaptive,10,1048576,0,81,1.746
adaptive,10,1048576,0,82,1.722
adaptive,10,1048576,0,83,1.915
adaptive,10,1048576,0,84,1.733
adaptive,10,1048576,0,85,1.765
adaptive,10,1048576,0,86,1.904
adaptive,10,1048576,0,87,1.687
adaptive,10,1048576,0,88,1.686
adaptive,10,1048576,0,89,1.791
adaptive,10,1048576,0,90,1.679
adaptive,10,1048576,0,91,1.788
adaptive,10,1048576,0,92,1.76
adaptive,10,1048576,0,93,1.77
adaptive,10,1048576,0,94,1.796
adaptive,10,1048576,0,95,1.703
adaptive,10,1048576,0,96,1.601
adaptive,10,1048576,0,97,1.641
adaptive,10,1048576,0,98,1.727
adaptive,10,1048576,0,99,1.789
adaptive,10,10240,1,0,0.358
adaptive,10,10240,1,1,0.138
adaptive,10,10240,1,2,0.141
adaptive,10,10240,1,3,0.17
adaptive,10,10240,1,4,0.183
adaptive,10,10240,1,5,0.172
adaptive,10,10240,1,6,0.169
adaptive,10,10240,1,7,0.17
adaptive,10,10240,1,8,0.17
adaptive,10,10240,1,9,0.169
adaptive,10,10240,1,10,0.17
adaptive,10,10240,1,11,0.174
adaptive,10,10240,1,12,0.17
adaptive,10,10240,1,13,0.17
adaptive,10,10240,1,14,0.171
adaptive,10,10240,1,15,0.169
adaptive,10,10240,1,16,0.17
adaptive,10,10240,1,17,0.17
adaptive,10,10240,1,18,0.17
adaptive,10,10240,1,19,0.172
adaptive,10,10240,1,20,0.169
adaptive,10,10240,1,21,0.17
adaptive,10,10240,1,22,0.169
adaptive,10,10240,1,23,0.171
adaptive,10,10240,1,24,0.169
adaptive,10,10240,1,25,0.174
adaptive,10,10240,1,26,0.176
adaptive,10,10240,1,27,0.132
adaptive,10,10240,1,28,0.126
adaptive,10,10240,1,29,0.125
adaptive,10,10240,1,30,0.124
adaptive,10,10240,1,31,0.126
adaptive,10,10240,1,32,0.125
adaptive,10,10240,1,33,0.124
adaptive,10,10240,1,34,0.124
adaptive,10,10240,1,35,0.124
adaptive,10,10240,1,36,0.124
adaptive,10,10240,1,37,0.125
adaptive,10,10240,1,38,0.122
adaptive,10,10240,1,39,0.123
adaptive,10,10240,1,40,0.123
adaptive,10,10240,1,41,0.125
adaptive,10,10240,1,42,0.123
adaptive,10,10240,1,43,0.124
adaptive,10,10240,1,44,0.126
adaptive,10,10240,1,45,0.125
adaptive,10,10240,1,46,0.124
adaptive,10,10240,1,47,0.124
adaptive,10,10240,1,48,0.124
adaptive,10,10240,1,49,0.124
adaptive,10,10240,1,50,0.125
adaptive,10,10240,1,51,0.124
adaptive,10,10240,1,52,0.126
adaptive,10,10240,1,53,0.124
adaptive,10,10240,1,54,0.127
adaptive,10,10240,1,55,0.12
adaptive,10,10240,1,56,0.184
adaptive,10,10240,1,57,0.17
adaptive,10,10240,1,58,0.173
adaptive,10,10240,1,59,0.171
adaptive,10,10240,1,60,0.17
adaptive,10,10240,1,61,0.168
adaptive,10,10240,1,62,0.172
adaptive,10,10240,1,63,0.169
adaptive,10,10240,1,64,0.169
adaptive,10,10240,1,65,0.171
adaptive,10,10240,1,66,0.169
adaptive,10,10240,1,67,0.176
adaptive,10,10240,1,68,0.17
adaptive,10,10240,1,69,0.169
adaptive,10,10240,1,70,0.169
adaptive,10,10240,1,71,0.17
adaptive,10,10240,1,72,0.169
adaptive,10,10240,1,73,0.177
adaptive,10,10240,1,74,0.172
adaptive,10,10240,1,75,0.171
adaptive,10,10240,1,76,0.19
adaptive,10,10240,1,77,0.124
adaptive,10,10240,1,78,0.119
adaptive,10,10240,1,79,0.12
adaptive,10,10240,1,80,0.118
adaptive,10,10240,1,81,0.118
adaptive,10,10240,1,82,0.119
adaptive,10,10240,1,83,0.118
adaptive,10,10240,1,84,0.118
adaptive,10,10240,1,85,0.123
adaptive,10,10240,1,86,0.118
adaptive,10,10240,1,87,0.118
adaptive,10,10240,1,88,0.118
adaptive,10,10240,1,89,0.118
adaptive,10,10240,1,90,0.147
adaptive,10,10240,1,91,0.122
adaptive,10,10240,1,92,0.121
adaptive,10,10240,1,93,0.119
adaptive,10,10240,1,94,0.118
adaptive,10,10240,1,95,0.118
adaptive,10,10240,1,96,0.118
adaptive,10,10240,1,97,0.119
adaptive,10,10240,1,98,0.125
adaptive,10,10240,1,99,0.119
adaptive,10,1048576,1,0,9.436
adaptive,10,1048576,1,1,9.411
adaptive,10,1048576,1,2,9.41
adaptive,10,1048576,1,3,9.508
adaptive,10,1048576,1,4,9.394
adaptive,10,1048576,1,5,9.43
adaptive,10,1048576,1,6,9.472
adaptive,10,1048576,1,7,9.472
adaptive,10,1048576,1,8,9.5
adaptive,10,1048576,1,9,9.53
adaptive,10,1048576,1,10,9.493
adaptive,10,1048576,1,11,9.524
adaptive,10,1048576,1,12,9.542
adaptive,10,1048576,1,13,9.517
adaptive,10,1048576,1,14,9.504
adaptive,10,1048576,1,15,9.507
adaptive,10,1048576,1,16,9.512
adaptive,10,1048576,1,17,9.555
adaptive,10,1048576,1,18,9.488
adaptive,10,1048576,1,19,9.529
adaptive,10,1048576,1,20,9.554
adaptive,10,1048576,1,21,9.559
adaptive,10,1048576,1,22,9.548
adaptive,10,1048576,1,23,9.581
adaptive,10,1048576,1,24,9.437
adaptive,10,1048576,1,25,9.47
adaptive,10,1048576,1,26,9.468
adaptive,10,1048576,1,27,9.435
adaptive,10,1048576,1,28,9.453
adaptive,10,1048576,1,29,9.54
adaptive,10,1048576,1,30,9.498
adaptive,10,1048576,1,31,9.493
adaptive,10,1048576,1,32,9.493
adaptive,10,1048576,1,33,9.655
adaptive,10,1048576,1,34,9.542
adaptive,10,1048576,1,35,9.549
adaptive,10,1048576,1,36,9.84
adaptive,10,1048576,1,37,9.631
adaptive,10,1048576,1,38,9.568
adaptive,10,1048576,1,39,9.562
adaptive,10,1048576,1,40,9.539
adaptive,10,1048576,1,41,9.586
adaptive,10,1048576,1,42,9.572
adaptive,10,1048576,1,43,9.993
adaptive,10,1048576,1,44,9.582
adaptive,10,1048576,1,45,9.478
adaptive,10,1048576,1,46,9.519
adaptive,10,1048576,1,47,9.472
adaptive,10,1048576,1,48,9.426
adaptive,10,1048576,1,49,9.489
adaptive,10,1048576,1,50,9.466
adaptive,10,1048576,1,51,9.472
adaptive,10,1048576,1,52,9.451
adaptive,10,1048576,1,53,9.513
adaptive,10,1048576,1,54,9.518
adaptive,10,1048576,1,55,9.758
adaptive,10,1048576,1,56,9.477
adaptive,10,1048576,1,57,9.455
adaptive,10,1048576,1,58,9.445
adaptive,10,1048576,1,59,9.452
adaptive,10,1048576,1,60,9.524
adaptive,10,1048576,1,61,9.488
adaptive,10,1048576,1,62,9.439
adaptive,10,1048576,1,63,9.481
adaptive,10,1048576,1,64,9.527
adaptive,10,1048576,1,65,9.497
adaptive,10,1048576,1,66,9.525
adaptive,10,1048576,1,67,9.639
adaptive,10,1048576,1,68,9.572
adaptive,10,1048576,1,69,9.58
adaptive,10,1048576,1,70,9.564
adaptive,10,1048576,1,71,9.513
adaptive,10,1048576,1,72,9.559
adaptive,10,1048576,1,73,10.566
adaptive,10,1048576,1,74,9.585
adaptive,10,1048576,1,75,9.475
adaptive,10,1048576,1,76,9.477
adaptive,10,1048576,1,77,9.451
adaptive,10,1048576,1,78,9.482
adaptive,10,1048576,1,79,9.49
adaptive,10,1048576,1,80,9.495
adaptive,10,1048576,1,81,16.096
adaptive,10,1048576,1,82,9.467
adaptive,10,1048576,1,83,9.417
adaptive,10,1048576,1,84,9.428
adaptive,10,1048576,1,85,9.4
adaptive,10,1048576,1,86,9.444
adaptive,10,1048576,1,87,9.587
adaptive,10,1048576,1,88,9.522
adaptive,10,1048576,1,89,9.516
adaptive,10,1048576,1,90,9.636
adaptive,10,1048576,1,91,9.512
adaptive,10,1048576,1,92,9.481
adaptive,10,1048576,1,93,10.077
adaptive,10,1048576,1,94,9.65
adaptive,10,1048576,1,95,9.616
adaptive,10,1048576,1,96,9.491
adaptive,10,1048576,1,97,9.466
adaptive,10,1048576,1,98,9.487
adaptive,10,1048576,1,99,9.49
adaptive,10,10240,2,0,0.516
adaptive,10,10240,2,1,0.726
adaptive,10,10240,2,2,0.183
adaptive,10,10240,2,3,0.136
adaptive,10,10240,2,4,0.125
adaptive,10,10240,2,5,0.121
adaptive,10,10240,2,6,0.12
adaptive,10,10240,2,7,0.12
adaptive,10,10240,2,8,0.121
adaptive,10,10240,2,9,0.12
adaptive,10,10240,2,10,0.123
adaptive,10,10240,2,11,0.12
adaptive,10,10240,2,12,0.12
adaptive,10,10240,2,13,0.121
adaptive,10,10240,2,14,0.12
adaptive,10,10240,2,15,0.121
adaptive,10,10240,2,16,0.12
adaptive,10,10240,2,17,0.12
adaptive,10,10240,2,18,0.12
adaptive,10,10240,2,19,0.12
adaptive,10,10240,2,20,0.123
adaptive,10,10240,2,21,0.123
adaptive,10,10240,2,22,0.12
adaptive,10,10240,2,23,0.121
adaptive,10,10240,2,24,0.121
adaptive,10,10240,2,25,0.124
adaptive,10,10240,2,26,0.119
adaptive,10,10240,2,27,0.129
adaptive,10,10240,2,28,0.123
adaptive,10,10240,2,29,0.135
adaptive,10,10240,2,30,0.121
adaptive,10,10240,2,31,0.125
adaptive,10,10240,2,32,0.12
adaptive,10,10240,2,33,0.119
adaptive,10,10240,2,34,0.12
adaptive,10,10240,2,35,0.119
adaptive,10,10240,2,36,0.119
adaptive,10,10240,2,37,0.119
adaptive,10,10240,2,38,0.119
adaptive,10,10240,2,39,0.119
adaptive,10,10240,2,40,0.12
adaptive,10,10240,2,41,0.119
adaptive,10,10240,2,42,0.119
adaptive,10,10240,2,43,0.119
adaptive,10,10240,2,44,0.119
adaptive,10,10240,2,45,0.119
adaptive,10,10240,2,46,0.119
adaptive,10,10240,2,47,0.121
adaptive,10,10240,2,48,0.119
adaptive,10,10240,2,49,0.119
adaptive,10,10240,2,50,0.119
adaptive,10,10240,2,51,0.119
adaptive,10,10240,2,52,0.119
adaptive,10,10240,2,53,0.132
adaptive,10,10240,2,54,0.12
adaptive,10,10240,2,55,0.13
adaptive,10,10240,2,56,0.121
adaptive,10,10240,2,57,0.12
adaptive,10,10240,2,58,0.119
adaptive,10,10240,2,59,0.118
adaptive,10,10240,2,60,0.121
adaptive,10,10240,2,61,0.119
adaptive,10,10240,2,62,0.12
adaptive,10,10240,2,63,0.118
adaptive,10,10240,2,64,0.118
adaptive,10,10240,2,65,0.119
adaptive,10,10240,2,66,0.146
adaptive,10,10240,2,67,0.12
adaptive,10,10240,2,68,0.119
adaptive,10,10240,2,69,0.119
adaptive,10,10240,2,70,0.119
adaptive,10,10240,2,71,0.118
adaptive,10,10240,2,72,0.118
adaptive,10,10240,2,73,0.121
adaptive,10,10240,2,74,0.12
adaptive,10,10240,2,75,0.119
adaptive,10,10240,2,76,0.121
adaptive,10,10240,2,77,0.119
adaptive,10,10240,2,78,0.12
adaptive,10,10240,2,79,0.128
adaptive,10,10240,2,80,0.119
adaptive,10,10240,2,81,0.119
adaptive,10,10240,2,82,0.119
adaptive,10,10240,2,83,0.127
adaptive,10,10240,2,84,0.12
adaptive,10,10240,2,85,0.12
adaptive,10,10240,2,86,0.121
adaptive,10,10240,2,87,0.119
adaptive,10,10240,2,88,0.119
adaptive,10,10240,2,89,0.118
adaptive,10,10240,2,90,0.118
adaptive,10,10240,2,91,0.119
adaptive,10,10240,2,92,0.125
adaptive,10,10240,2,93,0.119
adaptive,10,10240,2,94,0.119
adaptive,10,10240,2,95,0.231
adaptive,10,10240,2,96,0.126
adaptive,10,10240,2,97,0.12
adaptive,10,10240,2,98,0.132
adaptive,10,10240,2,99,0.121
adaptive,10,1048576,2,0,9.466
adaptive,10,1048576,2,1,9.477
adaptive,10,1048576,2,2,9.449
adaptive,10,1048576,2,3,9.452
adaptive,10,1048576,2,4,9.425
adaptive,10,1048576,2,5,1.824
adaptive,10,1048576,2,6,1.781
adaptive,10,1048576,2,7,1.827
adaptive,10,1048576,2,8,1.776
adaptive,10,1048576,2,9,1.928
adaptive,10,1048576,2,10,1.71
adaptive,10,1048576,2,11,1.795
adaptive,10,1048576,2,12,1.805
adaptive,10,1048576,2,13,1.625
adaptive,10,1048576,2,14,1.795
adaptive,10,1048576,2,15,1.908
adaptive,10,1048576,2,16,1.689
adaptive,10,1048576,2,17,1.62
adaptive,10,1048576,2,18,1.706
adaptive,10,1048576,2,19,1.734
adaptive,10,1048576,2,20,1.707
adaptive,10,1048576,2,21,1.702
adaptive,10,1048576,2,22,1.834
adaptive,10,1048576,2,23,1.845
adaptive,10,1048576,2,24,1.722
adaptive,10,1048576,2,25,1.735
adaptive,10,1048576,2,26,1.762
adaptive,10,1048576,2,27,1.82
adaptive,10,1048576,2,28,1.686
adaptive,10,1048576,2,29,1.821
adaptive,10,1048576,2,30,1.649
adaptive,10,1048576,2,31,1.678
adaptive,10,1048576,2,32,1.803
adaptive,10,1048576,2,33,1.667
adaptive,10,1048576,2,34,2.432
adaptive,10,1048576,2,35,1.786
adaptive,10,1048576,2,36,1.694
adaptive,10,1048576,2,37,1.838
adaptive,10,1048576,2,38,1.909
adaptive,10,1048576,2,39,1.593
adaptive,10,1048576,2,40,1.835
adaptive,10,1048576,2,41,1.725
adaptive,10,1048576,2,42,1.786
adaptive,10,1048576,2,43,1.778
adaptive,10,1048576,2,44,1.738
adaptive,10,1048576,2,45,1.68
adaptive,10,1048576,2,46,1.516
adaptive,10,1048576,2,47,1.759
adaptive,10,1048576,2,48,1.752
adaptive,10,1048576,2,49,1.767
adaptive,10,1048576,2,50,1.69
adaptive,10,1048576,2,51,1.767
adaptive,10,1048576,2,52,1.858
adaptive,10,1048576,2,53,1.65
adaptive,10,1048576,2,54,2.389
adaptive,10,1048576,2,55,1.641
adaptive,10,1048576,2,56,1.767
adaptive,10,1048576,2,57,1.654
adaptive,10,1048576,2,58,1.708
adaptive,10,1048576,2,59,1.809
adaptive,10,1048576,2,60,1.797
adaptive,10,1048576,2,61,1.829
adaptive,10,1048576,2,62,1.846
adaptive,10,1048576,2,63,1.81
adaptive,10,1048576,2,64,1.911
adaptive,10,1048576,2,65,1.871
adaptive,10,1048576,2,66,1.718
adaptive,10,1048576,2,67,1.714
adaptive,10,1048576,2,68,1.707
adaptive,10,1048576,2,69,1.857
adaptive,10,1048576,2,70,1.76
adaptive,10,1048576,2,71,1.643
adaptive,10,1048576,2,72,1.856
adaptive,10,1048576,2,73,1.803
adaptive,10,1048576,2,74,1.932
adaptive,10,1048576,2,75,1.71
adaptive,10,1048576,2,76,1.695
adaptive,10,1048576,2,77,1.6
adaptive,10,1048576,2,78,2.341
adaptive,10,1048576,2,79,1.681
adaptive,10,1048576,2,80,1.76
adaptive,10,1048576,2,81,1.606
adaptive,10,1048576,2,82,1.71
adaptive,10,1048576,2,83,1.447
adaptive,10,1048576,2,84,1.617
adaptive,10,1048576,2,85,1.609
adaptive,10,1048576,2,86,1.752
adaptive,10,1048576,2,87,1.774
adaptive,10,1048576,2,88,1.728
adaptive,10,1048576,2,89,1.809
adaptive,10,1048576,2,90,1.637
adaptive,10,1048576,2,91,1.582
adaptive,10,1048576,2,92,1.746
adaptive,10,1048576,2,93,1.633
adaptive,10,1048576,2,94,2.038
adaptive,10,1048576,2,95,1.774
adaptive,10,1048576,2,96,1.623
adaptive,10,1048576,2,97,1.533
adaptive,10,1048576,2,98,1.731
adaptive,10,1048576,2,99,1.768
native,10,10240,0,0,0.081
native,10,10240,0,1,0.026
native,10,10240,0,2,0.019
native,10,10240,0,3,0.018
native,10,10240,0,4,0.018
native,10,10240,0,5,0.018
native,10,10240,0,6,0.018
native,10,10240,0,7,0.018
native,10,10240,0,8,0.018
native,10,10240,0,9,0.018
native,10,10240,0,10,0.018
native,10,10240,0,11,0.026
native,10,10240,0,12,0.019
native,10,10240,0,13,0.018
native,10,10240,0,14,0.018
native,10,10240,0,15,0.018
native,10,10240,0,16,0.018
native,10,10240,0,17,0.018
native,10,10240,0,18,0.019
native,10,10240,0,19,0.018
native,10,10240,0,20,0.018
native,10,10240,0,21,0.018
native,10,10240,0,22,0.019
native,10,10240,0,23,0.026
native,10,10240,0,24,0.022
native,10,10240,0,25,0.02
native,10,10240,0,26,0.018
native,10,10240,0,27,0.018
native,10,10240,0,28,0.018
native,10,10240,0,29,0.018
native,10,10240,0,30,0.018
native,10,10240,0,31,0.018
native,10,10240,0,32,0.023
native,10,10240,0,33,0.019
native,10,10240,0,34,0.017
native,10,10240,0,35,0.017
native,10,10240,0,36,0.018
native,10,10240,0,37,0.017
native,10,10240,0,38,0.017
native,10,10240,0,39,0.018
native,10,10240,0,40,0.017
native,10,10240,0,41,0.017
native,10,10240,0,42,0.017
native,10,10240,0,43,0.017
native,10,10240,0,44,0.017
native,10,10240,0,45,0.017
native,10,10240,0,46,0.017
native,10,10240,0,47,0.017
native,10,10240,0,48,0.017
native,10,10240,0,49,0.017
native,10,10240,0,50,0.017
native,10,10240,0,51,0.017
native,10,10240,0,52,0.017
native,10,10240,0,53,0.017
native,10,10240,0,54,0.018
native,10,10240,0,55,0.017
native,10,10240,0,56,0.03
native,10,10240,0,57,0.019
native,10,10240,0,58,0.017
native,10,10240,0,59,0.017
native,10,10240,0,60,0.017
native,10,10240,0,61,0.017
native,10,10240,0,62,0.017
native,10,10240,0,63,0.017
native,10,10240,0,64,0.017
native,10,10240,0,65,0.017
native,10,10240,0,66,0.017
native,10,10240,0,67,0.018
native,10,10240,0,68,0.018
native,10,10240,0,69,0.017
native,10,10240,0,70,0.017
native,10,10240,0,71,0.017
native,10,10240,0,72,0.017
native,10,10240,0,73,0.017
native,10,10240,0,74,0.017
native,10,10240,0,75,0.017
native,10,10240,0,76,0.017
native,10,10240,0,77,0.017
native,10,10240,0,78,0.017
native,10,10240,0,79,0.017
native,10,10240,0,80,0.017
native,10,10240,0,81,0.017
native,10,10240,0,82,0.019
native,10,10240,0,83,0.018
native,10,10240,0,84,0.017
native,10,10240,0,85,0.017
native,10,10240,0,86,0.017
native,10,10240,0,87,0.019
native,10,10240,0,88,0.017
native,10,10240,0,89,0.017
native,10,10240,0,90,0.017
native,10,10240,0,91,0.017
native,10,10240,0,92,0.017
native,10,10240,0,93,0.017
native,10,10240,0,94,0.017
native,10,10240,0,95,0.017
native,10,10240,0,96,0.017
native,10,10240,0,97,0.017
native,10,10240,0,98,0.018
native,10,10240,0,99,0.017
native,10,1048576,0,0,0.761
native,10,1048576,0,1,0.789
native,10,1048576,0,2,0.736
native,10,1048576,0,3,0.751
native,10,1048576,0,4,0.843
native,10,1048576,0,5,0.731
native,10,1048576,0,6,0.734
native,10,1048576,0,7,0.738
native,10,1048576,0,8,0.744
native,10,1048576,0,9,0.743
native,10,1048576,0,10,0.774
native,10,1048576,0,11,0.756
native,10,1048576,0,12,0.754
native,10,1048576,0,13,0.757
native,10,1048576,0,14,0.752
native,10,1048576,0,15,0.817
native,10,1048576,0,16,0.77
native,10,1048576,0,17,0.864
native,10,1048576,0,18,0.748
native,10,1048576,0,19,0.762
native,10,1048576,0,20,0.759
native,10,1048576,0,21,0.755
native,10,1048576,0,22,0.767
native,10,1048576,0,23,1.323
native,10,1048576,0,24,1.266
native,10,1048576,0,25,0.791
native,10,1048576,0,26,0.767
native,10,1048576,0,27,0.773
native,10,1048576,0,28,0.778
native,10,1048576,0,29,0.881
native,10,1048576,0,30,0.781
native,10,1048576,0,31,0.858
native,10,1048576,0,32,0.786
native,10,1048576,0,33,0.756
native,10,1048576,0,34,0.837
native,10,1048576,0,35,0.769
native,10,1048576,0,36,0.753
native,10,1048576,0,37,0.767
native,10,1048576,0,38,0.761
native,10,1048576,0,39,0.746
native,10,1048576,0,40,0.737
native,10,1048576,0,41,0.762
native,10,1048576,0,42,0.77
native,10,1048576,0,43,0.756
native,10,1048576,0,44,0.829
native,10,1048576,0,45,0.759
native,10,1048576,0,46,0.751
native,10,1048576,0,47,0.749
native,10,1048576,0,48,0.754
native,10,1048576,0,49,0.758
native,10,1048576,0,50,0.739
native,10,1048576,0,51,0.744
native,10,1048576,0,52,0.737
native,10,1048576,0,53,0.773
native,10,1048576,0,54,0.748
native,10,1048576,0,55,0.739
native,10,1048576,0,56,0.753
native,10,1048576,0,57,0.795
native,10,1048576,0,58,0.735
native,10,1048576,0,59,0.74
native,10,1048576,0,60,0.733
native,10,1048576,0,61,1.057
native,10,1048576,0,62,0.783
native,10,1048576,0,63,0.786
native,10,1048576,0,64,0.78
native,10,1048576,0,65,0.738
native,10,1048576,0,66,0.768
native,10,1048576,0,67,0.762
native,10,1048576,0,68,1.311
native,10,1048576,0,69,0.757
native,10,1048576,0,70,0.752
native,10,1048576,0,71,0.759
native,10,1048576,0,72,0.776
native,10,1048576,0,73,0.751
native,10,1048576,0,74,0.785
native,10,1048576,0,75,0.777
native,10,1048576,0,76,0.774
native,10,1048576,0,77,0.758
native,10,1048576,0,78,0.751
native,10,1048576,0,79,0.79
native,10,1048576,0,80,0.749
native,10,1048576,0,81,0.749
native,10,1048576,0,82,0.739
native,10,1048576,0,83,0.784
native,10,1048576,0,84,0.752
native,10,1048576,0,85,0.746
native,10,1048576,0,86,0.81
native,10,1048576,0,87,0.753
native,10,1048576,0,88,0.756
native,10,1048576,0,89,0.764
native,10,1048576,0,90,0.765
native,10,1048576,0,91,0.773
native,10,1048576,0,92,0.841
native,10,1048576,0,93,0.846
native,10,1048576,0,94,0.797
native,10,1048576,0,95,0.749
native,10,1048576,0,96,0.745
native,10,1048576,0,97,0.763
native,10,1048576,0,98,0.767
native,10,1048576,0,99,0.742
native,10,10240,1,0,0.081
native,10,10240,1,1,0.026
native,10,10240,1,2,0.019
native,10,10240,1,3,0.018
native,10,10240,1,4,0.018
native,10,10240,1,5,0.017
native,10,10240,1,6,0.018
native,10,10240,1,7,0.018
native,10,10240,1,8,0.018
native,10,10240,1,9,0.017
native,10,10240,1,10,0.018
native,10,10240,1,11,0.018
native,10,10240,1,12,0.024
native,10,10240,1,13,0.018
native,10,10240,1,14,0.018
native,10,10240,1,15,0.018
native,10,10240,1,16,0.018
native,10,10240,1,17,0.018
native,10,10240,1,18,0.018
native,10,10240,1,19,0.018
native,10,10240,1,20,0.018
native,10,10240,1,21,0.018
native,10,10240,1,22,0.018
native,10,10240,1,23,0.018
native,10,10240,1,24,0.017
native,10,10240,1,25,0.018
native,10,10240,1,26,0.018
native,10,10240,1,27,0.018
native,10,10240,1,28,0.018
native,10,10240,1,29,0.018
native,10,10240,1,30,0.025
native,10,10240,1,31,0.029
native,10,10240,1,32,0.035
native,10,10240,1,33,0.034
native,10,10240,1,34,0.034
native,10,10240,1,35,0.031
native,10,10240,1,36,0.029
native,10,10240,1,37,0.032
native,10,10240,1,38,0.033
native,10,10240,1,39,0.036
native,10,10240,1,40,0.029
native,10,10240,1,41,0.03
native,10,10240,1,42,0.029
native,10,10240,1,43,0.031
native,10,10240,1,44,0.027
native,10,10240,1,45,0.031
native,10,10240,1,46,0.031
native,10,10240,1,47,0.033
native,10,10240,1,48,0.034
native,10,10240,1,49,0.028
native,10,10240,1,50,0.026
native,10,10240,1,51,0.032
native,10,10240,1,52,0.032
native,10,10240,1,53,0.03
native,10,10240,1,54,0.019
native,10,10240,1,55,0.017
native,10,10240,1,56,0.017
native,10,10240,1,57,0.017
native,10,10240,1,58,0.017
native,10,10240,1,59,0.017
native,10,10240,1,60,0.017
native,10,10240,1,61,0.017
native,10,10240,1,62,0.017
native,10,10240,1,63,0.017
native,10,10240,1,64,0.017
native,10,10240,1,65,0.017
native,10,10240,1,66,0.017
native,10,10240,1,67,0.018
native,10,10240,1,68,0.017
native,10,10240,1,69,0.017
native,10,10240,1,70,0.017
native,10,10240,1,71,0.017
native,10,10240,1,72,0.017
native,10,10240,1,73,0.017
native,10,10240,1,74,0.018
native,10,10240,1,75,0.018
native,10,10240,1,76,0.018
native,10,10240,1,77,0.018
native,10,10240,1,78,0.018
native,10,10240,1,79,0.018
native,10,10240,1,80,0.019
native,10,10240,1,81,0.018
native,10,10240,1,82,0.018
native,10,10240,1,83,0.018
native,10,10240,1,84,0.018
native,10,10240,1,85,0.018
native,10,10240,1,86,0.018
native,10,10240,1,87,0.018
native,10,10240,1,88,0.018
native,10,10240,1,89,0.018
native,10,10240,1,90,0.018
native,10,10240,1,91,0.019
native,10,10240,1,92,0.018
native,10,10240,1,93,0.018
native,10,10240,1,94,0.018
native,10,10240,1,95,0.018
native,10,10240,1,96,0.018
native,10,10240,1,97,0.018
native,10,10240,1,98,0.018
native,10,10240,1,99,0.018
native,10,1048576,1,0,0.796
native,10,1048576,1,1,0.811
native,10,1048576,1,2,0.744
native,10,1048576,1,3,0.734
native,10,1048576,1,4,0.752
native,10,1048576,1,5,0.744
native,10,1048576,1,6,0.746
native,10,1048576,1,7,0.733
native,10,1048576,1,8,0.728
native,10,1048576,1,9,0.736
native,10,1048576,1,10,0.782
native,10,1048576,1,11,0.752
native,10,1048576,1,12,0.74
native,10,1048576,1,13,0.746
native,10,1048576,1,14,0.78
native,10,1048576,1,15,0.739
native,10,1048576,1,16,0.753
native,10,1048576,1,17,0.733
native,10,1048576,1,18,0.73
native,10,1048576,1,19,0.739
native,10,1048576,1,20,0.735
native,10,1048576,1,21,0.728
native,10,1048576,1,22,0.732
native,10,1048576,1,23,0.723
native,10,1048576,1,24,0.725
native,10,1048576,1,25,0.74
native,10,1048576,1,26,0.731
native,10,1048576,1,27,0.744
native,10,1048576,1,28,0.747
native,10,1048576,1,29,0.759
native,10,1048576,1,30,0.759
native,10,1048576,1,31,0.873
native,10,1048576,1,32,0.755
native,10,1048576,1,33,0.775
native,10,1048576,1,34,0.769
native,10,1048576,1,35,0.817
native,10,1048576,1,36,1.006
native,10,1048576,1,37,0.747
native,10,1048576,1,38,0.866
native,10,1048576,1,39,0.745
native,10,1048576,1,40,0.767
native,10,1048576,1,41,0.772
native,10,1048576,1,42,0.767
native,10,1048576,1,43,0.749
native,10,1048576,1,44,0.756
native,10,1048576,1,45,0.746
native,10,1048576,1,46,0.751
native,10,1048576,1,47,0.754
native,10,1048576,1,48,0.726
native,10,1048576,1,49,0.739
native,10,1048576,1,50,0.736
native,10,1048576,1,51,0.778
native,10,1048576,1,52,0.733
native,10,1048576,1,53,0.773
native,10,1048576,1,54,0.752
native,10,1048576,1,55,0.745
native,10,1048576,1,56,0.771
native,10,1048576,1,57,0.761
native,10,1048576,1,58,0.754
native,10,1048576,1,59,0.765
native,10,1048576,1,60,0.754
native,10,1048576,1,61,0.781
native,10,1048576,1,62,0.758
native,10,1048576,1,63,0.759
native,10,1048576,1,64,0.748
native,10,1048576,1,65,0.743
native,10,1048576,1,66,0.763
native,10,1048576,1,67,0.745
native,10,1048576,1,68,0.768
native,10,1048576,1,69,0.764
native,10,1048576,1,70,0.761
native,10,1048576,1,71,0.754
native,10,1048576,1,72,0.755
native,10,1048576,1,73,0.746
native,10,1048576,1,74,0.741
native,10,1048576,1,75,0.854
native,10,1048576,1,76,0.773
native,10,1048576,1,77,0.776
native,10,1048576,1,78,0.75
native,10,1048576,1,79,0.75
native,10,1048576,1,80,0.761
native,10,1048576,1,81,0.764
native,10,1048576,1,82,0.757
native,10,1048576,1,83,0.747
native,10,1048576,1,84,0.731
native,10,1048576,1,85,0.762
native,10,1048576,1,86,0.726
native,10,1048576,1,87,0.737
native,10,1048576,1,88,0.729
native,10,1048576,1,89,0.723
native,10,1048576,1,90,0.728
native,10,1048576,1,91,0.848
native,10,1048576,1,92,0.769
native,10,1048576,1,93,0.746
native,10,1048576,1,94,0.726
native,10,1048576,1,95,0.75
native,10,1048576,1,96,0.748
native,10,1048576,1,97,0.75
native,10,1048576,1,98,0.758
native,10,1048576,1,99,0.737
native,10,10240,2,0,0.08
native,10,10240,2,1,0.026
native,10,10240,2,2,0.019
native,10,10240,2,3,0.018
native,10,10240,2,4,0.018
native,10,10240,2,5,0.018
native,10,10240,2,6,0.018
native,10,10240,2,7,0.018
native,10,10240,2,8,0.018
native,10,10240,2,9,0.018
native,10,10240,2,10,0.018
native,10,10240,2,11,0.017
native,10,10240,2,12,0.018
native,10,10240,2,13,0.018
native,10,10240,2,14,0.018
native,10,10240,2,15,0.018
native,10,10240,2,16,0.019
native,10,10240,2,17,0.018
native,10,10240,2,18,0.018
native,10,10240,2,19,0.018
native,10,10240,2,20,0.018
native,10,10240,2,21,0.019
native,10,10240,2,22,0.018
native,10,10240,2,23,0.018
native,10,10240,2,24,0.03
native,10,10240,2,25,0.018
native,10,10240,2,26,0.017
native,10,10240,2,27,0.018
native,10,10240,2,28,0.017
native,10,10240,2,29,0.017
native,10,10240,2,30,0.018
native,10,10240,2,31,0.018
native,10,10240,2,32,0.018
native,10,10240,2,33,0.018
native,10,10240,2,34,0.018
native,10,10240,2,35,0.018
native,10,10240,2,36,0.018
native,10,10240,2,37,0.017
native,10,10240,2,38,0.018
native,10,10240,2,39,0.018
native,10,10240,2,40,0.018
native,10,10240,2,41,0.017
native,10,10240,2,42,0.017
native,10,10240,2,43,0.018
native,10,10240,2,44,0.018
native,10,10240,2,45,0.02
native,10,10240,2,46,0.017
native,10,10240,2,47,0.017
native,10,10240,2,48,0.017
native,10,10240,2,49,0.017
native,10,10240,2,50,0.022
native,10,10240,2,51,0.018
native,10,10240,2,52,0.017
native,10,10240,2,53,0.017
native,10,10240,2,54,0.018
native,10,10240,2,55,0.018
native,10,10240,2,56,0.018
native,10,10240,2,57,0.017
native,10,10240,2,58,0.017
native,10,10240,2,59,0.019
native,10,10240,2,60,0.018
native,10,10240,2,61,0.017
native,10,10240,2,62,0.018
native,10,10240,2,63,0.018
native,10,10240,2,64,0.017
native,10,10240,2,65,0.017
native,10,10240,2,66,0.018
native,10,10240,2,67,0.018
native,10,10240,2,68,0.017
native,10,10240,2,69,0.018
native,10,10240,2,70,0.017
native,10,10240,2,71,0.017
native,10,10240,2,72,0.017
native,10,10240,2,73,0.018
native,10,10240,2,74,0.018
native,10,10240,2,75,0.017
native,10,10240,2,76,0.017
native,10,10240,2,77,0.017
native,10,10240,2,78,0.018
native,10,10240,2,79,0.017
native,10,10240,2,80,0.018
native,10,10240,2,81,0.017
native,10,10240,2,82,0.018
native,10,10240,2,83,0.017
native,10,10240,2,84,0.018
native,10,10240,2,85,0.018
native,10,10240,2,86,0.018
native,10,10240,2,87,0.022
native,10,10240,2,88,0.018
native,10,10240,2,89,0.018
native,10,10240,2,90,0.017
native,10,10240,2,91,0.017
native,10,10240,2,92,0.017
native,10,10240,2,93,0.017
native,10,10240,2,94,0.018
native,10,10240,2,95,0.018
native,10,10240,2,96,0.018
native,10,10240,2,97,0.017
native,10,10240,2,98,0.018
native,10,10240,2,99,0.018
native,10,1048576,2,0,0.786
native,10,1048576,2,1,0.763
native,10,1048576,2,2,0.751
native,10,1048576,2,3,0.738
native,10,1048576,2,4,0.748
native,10,1048576,2,5,0.742
native,10,1048576,2,6,0.734
native,10,1048576,2,7,0.743
native,10,1048576,2,8,0.749
native,10,1048576,2,9,0.906
native,10,1048576,2,10,0.784
native,10,1048576,2,11,0.752
native,10,1048576,2,12,0.797
native,10,1048576,2,13,0.751
native,10,1048576,2,14,0.734
native,10,1048576,2,15,0.783
native,10,1048576,2,16,0.751
native,10,1048576,2,17,0.781
native,10,1048576,2,18,0.757
native,10,1048576,2,19,0.75
native,10,1048576,2,20,0.77
native,10,1048576,2,21,0.754
native,10,1048576,2,22,0.752
native,10,1048576,2,23,0.765
native,10,1048576,2,24,0.849
native,10,1048576,2,25,0.76
native,10,1048576,2,26,0.771
native,10,1048576,2,27,0.766
native,10,1048576,2,28,1.309
native,10,1048576,2,29,1.181
native,10,1048576,2,30,0.767
native,10,1048576,2,31,0.764
native,10,1048576,2,32,0.743
native,10,1048576,2,33,0.752
native,10,1048576,2,34,0.769
native,10,1048576,2,35,0.759
native,10,1048576,2,36,1.332
native,10,1048576,2,37,0.786
native,10,1048576,2,38,0.747
native,10,1048576,2,39,0.741
native,10,1048576,2,40,0.775
native,10,1048576,2,41,0.76
native,10,1048576,2,42,0.761
native,10,1048576,2,43,0.756
native,10,1048576,2,44,0.756
native,10,1048576,2,45,0.746
native,10,1048576,2,46,0.739
native,10,1048576,2,47,0.764
native,10,1048576,2,48,0.746
native,10,1048576,2,49,0.737
native,10,1048576,2,50,0.747
native,10,1048576,2,51,0.739
native,10,1048576,2,52,0.743
native,10,1048576,2,53,0.831
native,10,1048576,2,54,0.754
native,10,1048576,2,55,0.796
native,10,1048576,2,56,0.747
native,10,1048576,2,57,0.944
native,10,1048576,2,58,0.908
native,10,1048576,2,59,0.756
native,10,1048576,2,60,0.754
native,10,1048576,2,61,0.89
native,10,1048576,2,62,0.762
native,10,1048576,2,63,0.79
native,10,1048576,2,64,0.771
native,10,1048576,2,65,0.759
native,10,1048576,2,66,1.117
native,10,1048576,2,67,0.774
native,10,1048576,2,68,0.76
native,10,1048576,2,69,0.742
native,10,1048576,2,70,0.756
native,10,1048576,2,71,0.735
native,10,1048576,2,72,0.736
native,10,1048576,2,73,0.746
native,10,1048576,2,74,0.747
native,10,1048576,2,75,0.752
native,10,1048576,2,76,0.736
native,10,1048576,2,77,0.742
native,10,1048576,2,78,0.736
native,10,1048576,2,79,0.739
native,10,1048576,2,80,0.774
native,10,1048576,2,81,0.74
native,10,1048576,2,82,0.735
native,10,1048576,2,83,0.764
native,10,1048576,2,84,0.74
native,10,1048576,2,85,0.752
native,10,1048576,2,86,0.748
native,10,1048576,2,87,0.815
native,10,1048576,2,88,0.739
native,10,1048576,2,89,0.732
native,10,1048576,2,90,0.765
native,10,1048576,2,91,0.748
native,10,1048576,2,92,0.761
native,10,1048576,2,93,0.741
native,10,1048576,2,94,0.738
native,10,1048576,2,95,0.725
native,10,1048576,2,96,0.739
native,10,1048576,2,97,0.741
native,10,1048576,2,98,0.739
native,10,1048576,2,99,0.749
wasm2c,10,10240,0,0,0.259
wasm2c,10,10240,0,1,0.136
wasm2c,10,10240,0,2,0.126
wasm2c,10,10240,0,3,0.121
wasm2c,10,10240,0,4,0.119
wasm2c,10,10240,0,5,0.117
wasm2c,10,10240,0,6,0.118
wasm2c,10,10240,0,7,0.16
wasm2c,10,10240,0,8,0.167
wasm2c,10,10240,0,9,0.175
wasm2c,10,10240,0,10,0.165
wasm2c,10,10240,0,11,0.124
wasm2c,10,10240,0,12,0.148
wasm2c,10,10240,0,13,0.122
wasm2c,10,10240,0,14,0.128
wasm2c,10,10240,0,15,0.177
wasm2c,10,10240,0,16,0.201
wasm2c,10,10240,0,17,0.168
wasm2c,10,10240,0,18,0.168
wasm2c,10,10240,0,19,0.168
wasm2c,10,10240,0,20,0.168
wasm2c,10,10240,0,21,0.167
wasm2c,10,10240,0,22,0.167
wasm2c,10,10240,0,23,0.166
wasm2c,10,10240,0,24,0.17
wasm2c,10,10240,0,25,0.168
wasm2c,10,10240,0,26,0.169
wasm2c,10,10240,0,27,0.168
wasm2c,10,10240,0,28,0.167
wasm2c,10,10240,0,29,0.168
wasm2c,10,10240,0,30,0.167
wasm2c,10,10240,0,31,0.194
wasm2c,10,10240,0,32,0.172
wasm2c,10,10240,0,33,0.177
wasm2c,10,10240,0,34,0.167
wasm2c,10,10240,0,35,0.167
wasm2c,10,10240,0,36,0.167
wasm2c,10,10240,0,37,0.167
wasm2c,10,10240,0,38,0.167
wasm2c,10,10240,0,39,0.172
wasm2c,10,10240,0,40,0.167
wasm2c,10,10240,0,41,0.169
wasm2c,10,10240,0,42,0.183
wasm2c,10,10240,0,43,0.168
wasm2c,10,10240,0,44,0.166
wasm2c,10,10240,0,45,0.169
wasm2c,10,10240,0,46,0.167
wasm2c,10,10240,0,47,0.173
wasm2c,10,10240,0,48,0.167
wasm2c,10,10240,0,49,0.166
wasm2c,10,10240,0,50,0.166
wasm2c,10,10240,0,51,0.166
wasm2c,10,10240,0,52,0.169
wasm2c,10,10240,0,53,0.167
wasm2c,10,10240,0,54,0.165
wasm2c,10,10240,0,55,0.171
wasm2c,10,10240,0,56,0.167
wasm2c,10,10240,0,57,0.166
wasm2c,10,10240,0,58,0.166
wasm2c,10,10240,0,59,0.165
wasm2c,10,10240,0,60,0.172
wasm2c,10,10240,0,61,0.166
wasm2c,10,10240,0,62,0.166
wasm2c,10,10240,0,63,0.171
wasm2c,10,10240,0,64,0.168
wasm2c,10,10240,0,65,0.166
wasm2c,10,10240,0,66,0.167
wasm2c,10,10240,0,67,0.167
wasm2c,10,10240,0,68,0.167
wasm2c,10,10240,0,69,0.166
wasm2c,10,10240,0,70,0.17
wasm2c,10,10240,0,71,0.174
wasm2c,10,10240,0,72,0.168
wasm2c,10,10240,0,73,0.166
wasm2c,10,10240,0,74,0.166
wasm2c,10,10240,0,75,0.169
wasm2c,10,10240,0,76,0.168
wasm2c,10,10240,0,77,0.167
wasm2c,10,10240,0,78,0.167
wasm2c,10,10240,0,79,0.171
wasm2c,10,10240,0,80,0.167
wasm2c,10,10240,0,81,0.166
wasm2c,10,10240,0,82,0.166
wasm2c,10,10240,0,83,0.166
wasm2c,10,10240,0,84,0.166
wasm2c,10,10240,0,85,0.166
wasm2c,10,10240,0,86,0.165
wasm2c,10,10240,0,87,0.212
wasm2c,10,10240,0,88,0.191
wasm2c,10,10240,0,89,0.175
wasm2c,10,10240,0,90,0.169
wasm2c,10,10240,0,91,0.167
wasm2c,10,10240,0,92,0.167
wasm2c,10,10240,0,93,0.168
wasm2c,10,10240,0,94,0.166
wasm2c,10,10240,0,95,0.167
wasm2c,10,10240,0,96,0.166
wasm2c,10,10240,0,97,0.167
wasm2c,10,10240,0,98,0.167
wasm2c,10,10240,0,99,0.167
wasm2c,10,1048576,0,0,11.92
wasm2c,10,1048576,0,1,15.698
wasm2c,10,1048576,0,2,9.581
wasm2c,10,1048576,0,3,9.608
wasm2c,10,1048576,0,4,9.605
wasm2c,10,1048576,0,5,10.125
wasm2c,10,1048576,0,6,9.657
wasm2c,10,1048576,0,7,9.848
wasm2c,10,1048576,0,8,9.824
wasm2c,10,1048576,0,9,9.652
wasm2c,10,1048576,0,10,10.151
wasm2c,10,1048576,0,11,11.749
wasm2c,10,1048576,0,12,9.709
wasm2c,10,1048576,0,13,9.556
wasm2c,10,1048576,0,14,9.64
wasm2c,10,1048576,0,15,10.161
wasm2c,10,1048576,0,16,13.774
wasm2c,10,1048576,0,17,9.668
wasm2c,10,1048576,0,18,9.475
wasm2c,10,1048576,0,19,9.567
wasm2c,10,1048576,0,20,9.674
wasm2c,10,1048576,0,21,9.514
wasm2c,10,1048576,0,22,9.818
wasm2c,10,1048576,0,23,9.529
wasm2c,10,1048576,0,24,9.517
wasm2c,10,1048576,0,25,9.501
wasm2c,10,1048576,0,26,9.549
wasm2c,10,1048576,0,27,9.522
wasm2c,10,1048576,0,28,9.628
wasm2c,10,1048576,0,29,9.538
wasm2c,10,1048576,0,30,9.571
wasm2c,10,1048576,0,31,9.556
wasm2c,10,1048576,0,32,9.633
wasm2c,10,1048576,0,33,12.055
wasm2c,10,1048576,0,34,9.803
wasm2c,10,1048576,0,35,10.111
wasm2c,10,1048576,0,36,9.565
wasm2c,10,1048576,0,37,9.744
wasm2c,10,1048576,0,38,9.793
wasm2c,10,1048576,0,39,9.595
wasm2c,10,1048576,0,40,9.552
wasm2c,10,1048576,0,41,12.822
wasm2c,10,1048576,0,42,9.737
wasm2c,10,1048576,0,43,9.562
wasm2c,10,1048576,0,44,9.498
wasm2c,10,1048576,0,45,9.559
wasm2c,10,1048576,0,46,9.476
wasm2c,10,1048576,0,47,9.966
wasm2c,10,1048576,0,48,9.559
wasm2c,10,1048576,0,49,9.46
wasm2c,10,1048576,0,50,9.528
wasm2c,10,1048576,0,51,10.122
wasm2c,10,1048576,0,52,9.502
wasm2c,10,1048576,0,53,9.464
wasm2c,10,1048576,0,54,9.507
wasm2c,10,1048576,0,55,9.529
wasm2c,10,1048576,0,56,9.475
wasm2c,10,1048576,0,57,9.653
wasm2c,10,1048576,0,58,9.66
wasm2c,10,1048576,0,59,9.689
wasm2c,10,1048576,0,60,9.53
wasm2c,10,1048576,0,61,9.812
wasm2c,10,1048576,0,62,9.655
wasm2c,10,1048576,0,63,9.531
wasm2c,10,1048576,0,64,9.582
wasm2c,10,1048576,0,65,15.094
wasm2c,10,1048576,0,66,9.626
wasm2c,10,1048576,0,67,9.711
wasm2c,10,1048576,0,68,9.627
wasm2c,10,1048576,0,69,9.655
wasm2c,10,1048576,0,70,9.499
wasm2c,10,1048576,0,71,9.504
wasm2c,10,1048576,0,72,9.499
wasm2c,10,1048576,0,73,9.575
wasm2c,10,1048576,0,74,9.602
wasm2c,10,1048576,0,75,9.523
wasm2c,10,1048576,0,76,9.572
wasm2c,10,1048576,0,77,9.48
wasm2c,10,1048576,0,78,9.655
wasm2c,10,1048576,0,79,9.666
wasm2c,10,1048576,0,80,9.511
wasm2c,10,1048576,0,81,9.507
wasm2c,10,1048576,0,82,9.526
wasm2c,10,1048576,0,83,9.498
wasm2c,10,1048576,0,84,9.584
wasm2c,10,1048576,0,85,9.551
wasm2c,10,1048576,0,86,9.573
wasm2c,10,1048576,0,87,9.493
wasm2c,10,1048576,0,88,9.52
wasm2c,10,1048576,0,89,9.549
wasm2c,10,1048576,0,90,9.595
wasm2c,10,1048576,0,91,9.574
wasm2c,10,1048576,0,92,9.579
wasm2c,10,1048576,0,93,9.57
wasm2c,10,1048576,0,94,9.46
wasm2c,10,1048576,0,95,10.617
wasm2c,10,1048576,0,96,9.565
wasm2c,10,1048576,0,97,9.539
wasm2c,10,1048576,0,98,9.498
wasm2c,10,1048576,0,99,9.512
wasm2c,10,10240,1,0,0.278
wasm2c,10,10240,1,1,0.143
wasm2c,10,10240,1,2,0.131
wasm2c,10,10240,1,3,0.126
wasm2c,10,10240,1,4,0.124
wasm2c,10,10240,1,5,0.129
wasm2c,10,10240,1,6,0.123
wasm2c,10,10240,1,7,0.118
wasm2c,10,10240,1,8,0.122
wasm2c,10,10240,1,9,0.121
wasm2c,10,10240,1,10,0.121
wasm2c,10,10240,1,11,0.123
wasm2c,10,10240,1,12,0.119
wasm2c,10,10240,1,13,0.145
wasm2c,10,10240,1,14,0.219
wasm2c,10,10240,1,15,0.142
wasm2c,10,10240,1,16,0.125
wasm2c,10,10240,1,17,0.118
wasm2c,10,10240,1,18,0.116
wasm2c,10,10240,1,19,0.115
wasm2c,10,10240,1,20,0.115
wasm2c,10,10240,1,21,0.115
wasm2c,10,10240,1,22,0.115
wasm2c,10,10240,1,23,0.13
wasm2c,10,10240,1,24,0.116
wasm2c,10,10240,1,25,0.115
wasm2c,10,10240,1,26,0.115
wasm2c,10,10240,1,27,0.115
wasm2c,10,10240,1,28,0.115
wasm2c,10,10240,1,29,0.115
wasm2c,10,10240,1,30,0.115
wasm2c,10,10240,1,31,0.115
wasm2c,10,10240,1,32,0.115
wasm2c,10,10240,1,33,0.129
wasm2c,10,10240,1,34,0.115
wasm2c,10,10240,1,35,0.197
wasm2c,10,10240,1,36,0.168
wasm2c,10,10240,1,37,0.201
wasm2c,10,10240,1,38,0.119
wasm2c,10,10240,1,39,0.115
wasm2c,10,10240,1,40,0.115
wasm2c,10,10240,1,41,0.115
wasm2c,10,10240,1,42,0.127
wasm2c,10,10240,1,43,0.116
wasm2c,10,10240,1,44,0.115
wasm2c,10,10240,1,45,0.115
wasm2c,10,10240,1,46,0.115
wasm2c,10,10240,1,47,0.115
wasm2c,10,10240,1,48,0.115
wasm2c,10,10240,1,49,0.115
wasm2c,10,10240,1,50,0.115
wasm2c,10,10240,1,51,0.122
wasm2c,10,10240,1,52,0.21
wasm2c,10,10240,1,53,0.151
wasm2c,10,10240,1,54,0.133
wasm2c,10,10240,1,55,0.137
wasm2c,10,10240,1,56,0.12
wasm2c,10,10240,1,57,0.116
wasm2c,10,10240,1,58,0.115
wasm2c,10,10240,1,59,0.115
wasm2c,10,10240,1,60,0.121
wasm2c,10,10240,1,61,0.118
wasm2c,10,10240,1,62,0.123
wasm2c,10,10240,1,63,0.116
wasm2c,10,10240,1,64,0.115
wasm2c,10,10240,1,65,0.142
wasm2c,10,10240,1,66,0.117
wasm2c,10,10240,1,67,0.12
wasm2c,10,10240,1,68,0.126
wasm2c,10,10240,1,69,0.117
wasm2c,10,10240,1,70,0.14
wasm2c,10,10240,1,71,0.118
wasm2c,10,10240,1,72,0.116
wasm2c,10,10240,1,73,0.116
wasm2c,10,10240,1,74,0.116
wasm2c,10,10240,1,75,0.116
wasm2c,10,10240,1,76,0.116
wasm2c,10,10240,1,77,0.116
wasm2c,10,10240,1,78,0.117
wasm2c,10,10240,1,79,0.116
wasm2c,10,10240,1,80,0.117
wasm2c,10,10240,1,81,0.116
wasm2c,10,10240,1,82,0.116
wasm2c,10,10240,1,83,0.116
wasm2c,10,10240,1,84,0.127
wasm2c,10,10240,1,85,0.117
wasm2c,10,10240,1,86,0.116
wasm2c,10,10240,1,87,0.116
wasm2c,10,10240,1,88,0.115
wasm2c,10,10240,1,89,0.116
wasm2c,10,10240,1,90,0.116
wasm2c,10,10240,1,91,0.116
wasm2c,10,10240,1,92,0.126
wasm2c,10,10240,1,93,0.119
wasm2c,10,10240,1,94,0.131
wasm2c,10,10240,1,95,0.121
wasm2c,10,10240,1,96,0.125
wasm2c,10,10240,1,97,0.14
wasm2c,10,10240,1,98,0.121
wasm2c,10,10240,1,99,0.122
wasm2c,10,1048576,1,0,9.543
wasm2c,10,1048576,1,1,9.538
wasm2c,10,1048576,1,2,9.63
wasm2c,10,1048576,1,3,10.044
wasm2c,10,1048576,1,4,9.665
wasm2c,10,1048576,1,5,9.699
wasm2c,10,1048576,1,6,10.923
wasm2c,10,1048576,1,7,15.54
wasm2c,10,1048576,1,8,9.533
wasm2c,10,1048576,1,9,9.556
wasm2c,10,1048576,1,10,9.753
wasm2c,10,1048576,1,11,9.561
wasm2c,10,1048576,1,12,9.607
wasm2c,10,1048576,1,13,9.563
wasm2c,10,1048576,1,14,9.512
wasm2c,10,1048576,1,15,9.492
wasm2c,10,1048576,1,16,9.665
wasm2c,10,1048576,1,17,9.864
wasm2c,10,1048576,1,18,9.593
wasm2c,10,1048576,1,19,10.053
wasm2c,10,1048576,1,20,9.794
wasm2c,10,1048576,1,21,9.715
wasm2c,10,1048576,1,22,10.161
wasm2c,10,1048576,1,23,10.189
wasm2c,10,1048576,1,24,10.172
wasm2c,10,1048576,1,25,9.59
wasm2c,10,1048576,1,26,9.611
wasm2c,10,1048576,1,27,15.632
wasm2c,10,1048576,1,28,9.878
wasm2c,10,1048576,1,29,9.556
wasm2c,10,1048576,1,30,10.201
wasm2c,10,1048576,1,31,9.692
wasm2c,10,1048576,1,32,9.523
wasm2c,10,1048576,1,33,9.434
wasm2c,10,1048576,1,34,9.466
wasm2c,10,1048576,1,35,9.437
wasm2c,10,1048576,1,36,11.828
wasm2c,10,1048576,1,37,9.811
wasm2c,10,1048576,1,38,9.555
wasm2c,10,1048576,1,39,9.52
wasm2c,10,1048576,1,40,9.679
wasm2c,10,1048576,1,41,9.498
wasm2c,10,1048576,1,42,9.504
wasm2c,10,1048576,1,43,9.484
wasm2c,10,1048576,1,44,9.475
wasm2c,10,1048576,1,45,9.478
wasm2c,10,1048576,1,46,9.658
wasm2c,10,1048576,1,47,9.491
wasm2c,10,1048576,1,48,9.521
wasm2c,10,1048576,1,49,9.511
wasm2c,10,1048576,1,50,9.713
wasm2c,10,1048576,1,51,9.621
wasm2c,10,1048576,1,52,9.487
wasm2c,10,1048576,1,53,9.609
wasm2c,10,1048576,1,54,9.65
wasm2c,10,1048576,1,55,9.966
wasm2c,10,1048576,1,56,10.387
wasm2c,10,1048576,1,57,9.609
wasm2c,10,1048576,1,58,9.657
wasm2c,10,1048576,1,59,9.766
wasm2c,10,1048576,1,60,9.704
wasm2c,10,1048576,1,61,9.536
wasm2c,10,1048576,1,62,14.556
wasm2c,10,1048576,1,63,9.607
wasm2c,10,1048576,1,64,9.6
wasm2c,10,1048576,1,65,11.267
wasm2c,10,1048576,1,66,9.754
wasm2c,10,1048576,1,67,9.556
wasm2c,10,1048576,1,68,9.653
wasm2c,10,1048576,1,69,9.566
wasm2c,10,1048576,1,70,9.538
wasm2c,10,1048576,1,71,10.023
wasm2c,10,1048576,1,72,9.835
wasm2c,10,1048576,1,73,9.564
wasm2c,10,1048576,1,74,9.532
wasm2c,10,1048576,1,75,9.62
wasm2c,10,1048576,1,76,10.619
wasm2c,10,1048576,1,77,9.607
wasm2c,10,1048576,1,78,9.5
wasm2c,10,1048576,1,79,9.471
wasm2c,10,1048576,1,80,9.841
wasm2c,10,1048576,1,81,9.607
wasm2c,10,1048576,1,82,9.977
wasm2c,10,1048576,1,83,9.518
wasm2c,10,1048576,1,84,9.549
wasm2c,10,1048576,1,85,9.52
wasm2c,10,1048576,1,86,9.975
wasm2c,10,1048576,1,87,10.172
wasm2c,10,1048576,1,88,9.643
wasm2c,10,1048576,1,89,9.727
wasm2c,10,1048576,1,90,9.675
wasm2c,10,1048576,1,91,10.211
wasm2c,10,1048576,1,92,9.849
wasm2c,10,1048576,1,93,9.891
wasm2c,10,1048576,1,94,9.609
wasm2c,10,1048576,1,95,9.698
wasm2c,10,1048576,1,96,9.763
wasm2c,10,1048576,1,97,9.963
wasm2c,10,1048576,1,98,9.555
wasm2c,10,1048576,1,99,9.472
wasm2c,10,10240,2,0,0.261
wasm2c,10,10240,2,1,0.135
wasm2c,10,10240,2,2,0.134
wasm2c,10,10240,2,3,0.121
wasm2c,10,10240,2,4,0.119
wasm2c,10,10240,2,5,0.118
wasm2c,10,10240,2,6,0.118
wasm2c,10,10240,2,7,0.12
wasm2c,10,10240,2,8,0.194
wasm2c,10,10240,2,9,0.177
wasm2c,10,10240,2,10,0.151
wasm2c,10,10240,2,11,0.131
wasm2c,10,10240,2,12,0.118
wasm2c,10,10240,2,13,0.116
wasm2c,10,10240,2,14,0.116
wasm2c,10,10240,2,15,0.117
wasm2c,10,10240,2,16,0.117
wasm2c,10,10240,2,17,0.116
wasm2c,10,10240,2,18,0.116
wasm2c,10,10240,2,19,0.116
wasm2c,10,10240,2,20,0.117
wasm2c,10,10240,2,21,0.121
wasm2c,10,10240,2,22,0.117
wasm2c,10,10240,2,23,0.117
wasm2c,10,10240,2,24,0.116
wasm2c,10,10240,2,25,0.116
wasm2c,10,10240,2,26,0.131
wasm2c,10,10240,2,27,0.117
wasm2c,10,10240,2,28,0.117
wasm2c,10,10240,2,29,0.117
wasm2c,10,10240,2,30,0.117
wasm2c,10,10240,2,31,0.123
wasm2c,10,10240,2,32,0.117
wasm2c,10,10240,2,33,0.116
wasm2c,10,10240,2,34,0.116
wasm2c,10,10240,2,35,0.117
wasm2c,10,10240,2,36,0.116
wasm2c,10,10240,2,37,0.117
wasm2c,10,10240,2,38,0.116
wasm2c,10,10240,2,39,0.116
wasm2c,10,10240,2,40,0.116
wasm2c,10,10240,2,41,0.13
wasm2c,10,10240,2,42,0.117
wasm2c,10,10240,2,43,0.116
wasm2c,10,10240,2,44,0.116
wasm2c,10,10240,2,45,0.116
wasm2c,10,10240,2,46,0.116
wasm2c,10,10240,2,47,0.147
wasm2c,10,10240,2,48,0.117
wasm2c,10,10240,2,49,0.116
wasm2c,10,10240,2,50,0.116
wasm2c,10,10240,2,51,0.116
wasm2c,10,10240,2,52,0.116
wasm2c,10,10240,2,53,0.116
wasm2c,10,10240,2,54,0.116
wasm2c,10,10240,2,55,0.116
wasm2c,10,10240,2,56,0.117
wasm2c,10,10240,2,57,0.117
wasm2c,10,10240,2,58,0.117
wasm2c,10,10240,2,59,0.116
wasm2c,10,10240,2,60,0.116
wasm2c,10,10240,2,61,0.121
wasm2c,10,10240,2,62,0.116
wasm2c,10,10240,2,63,0.116
wasm2c,10,10240,2,64,0.116
wasm2c,10,10240,2,65,0.116
wasm2c,10,10240,2,66,0.116
wasm2c,10,10240,2,67,0.116
wasm2c,10,10240,2,68,0.13
wasm2c,10,10240,2,69,0.123
wasm2c,10,10240,2,70,0.122
wasm2c,10,10240,2,71,0.124
wasm2c,10,10240,2,72,0.123
wasm2c,10,10240,2,73,0.123
wasm2c,10,10240,2,74,0.123
wasm2c,10,10240,2,75,0.122
wasm2c,10,10240,2,76,0.122
wasm2c,10,10240,2,77,0.123
wasm2c,10,10240,2,78,0.121
wasm2c,10,10240,2,79,0.122
wasm2c,10,10240,2,80,0.122
wasm2c,10,10240,2,81,0.124
wasm2c,10,10240,2,82,0.123
wasm2c,10,10240,2,83,0.122
wasm2c,10,10240,2,84,0.123
wasm2c,10,10240,2,85,0.123
wasm2c,10,10240,2,86,0.122
wasm2c,10,10240,2,87,0.122
wasm2c,10,10240,2,88,0.122
wasm2c,10,10240,2,89,0.136
wasm2c,10,10240,2,90,0.137
wasm2c,10,10240,2,91,0.123
wasm2c,10,10240,2,92,0.123
wasm2c,10,10240,2,93,0.125
wasm2c,10,10240,2,94,0.123
wasm2c,10,10240,2,95,0.123
wasm2c,10,10240,2,96,0.123
wasm2c,10,10240,2,97,0.122
wasm2c,10,10240,2,98,0.122
wasm2c,10,10240,2,99,0.122
wasm2c,10,1048576,2,0,10.127
wasm2c,10,1048576,2,1,9.586
wasm2c,10,1048576,2,2,9.56
wasm2c,10,1048576,2,3,9.645
wasm2c,10,1048576,2,4,9.602
wasm2c,10,1048576,2,5,9.572
wasm2c,10,1048576,2,6,9.65
wasm2c,10,1048576,2,7,9.628
wasm2c,10,1048576,2,8,9.562
wasm2c,10,1048576,2,9,9.726
wasm2c,10,1048576,2,10,9.675
wasm2c,10,1048576,2,11,10.856
wasm2c,10,1048576,2,12,9.535
wasm2c,10,1048576,2,13,9.495
wasm2c,10,1048576,2,14,9.631
wasm2c,10,1048576,2,15,9.974
wasm2c,10,1048576,2,16,9.623
wasm2c,10,1048576,2,17,9.713
wasm2c,10,1048576,2,18,9.691
wasm2c,10,1048576,2,19,9.63
wasm2c,10,1048576,2,20,9.589
wasm2c,10,1048576,2,21,9.84
wasm2c,10,1048576,2,22,10.417
wasm2c,10,1048576,2,23,10.229
wasm2c,10,1048576,2,24,9.905
wasm2c,10,1048576,2,25,13.494
wasm2c,10,1048576,2,26,9.602
wasm2c,10,1048576,2,27,9.698
wasm2c,10,1048576,2,28,9.51
wasm2c,10,1048576,2,29,11.578
wasm2c,10,1048576,2,30,9.993
wasm2c,10,1048576,2,31,10.034
wasm2c,10,1048576,2,32,9.89
wasm2c,10,1048576,2,33,9.607
wasm2c,10,1048576,2,34,9.482
wasm2c,10,1048576,2,35,9.451
wasm2c,10,1048576,2,36,9.477
wasm2c,10,1048576,2,37,9.656
wasm2c,10,1048576,2,38,9.515
wasm2c,10,1048576,2,39,9.486
wasm2c,10,1048576,2,40,9.479
wasm2c,10,1048576,2,41,9.509
wasm2c,10,1048576,2,42,9.486
wasm2c,10,1048576,2,43,9.529
wasm2c,10,1048576,2,44,9.709
wasm2c,10,1048576,2,45,9.481
wasm2c,10,1048576,2,46,9.552
wasm2c,10,1048576,2,47,9.473
wasm2c,10,1048576,2,48,9.461
wasm2c,10,1048576,2,49,9.503
wasm2c,10,1048576,2,50,9.681
wasm2c,10,1048576,2,51,9.635
wasm2c,10,1048576,2,52,9.545
wasm2c,10,1048576,2,53,9.558
wasm2c,10,1048576,2,54,9.527
wasm2c,10,1048576,2,55,9.643
wasm2c,10,1048576,2,56,9.546
wasm2c,10,1048576,2,57,9.566
wasm2c,10,1048576,2,58,9.545
wasm2c,10,1048576,2,59,9.495
wasm2c,10,1048576,2,60,9.647
wasm2c,10,1048576,2,61,9.591
wasm2c,10,1048576,2,62,9.534
wasm2c,10,1048576,2,63,9.498
wasm2c,10,1048576,2,64,9.543
wasm2c,10,1048576,2,65,9.619
wasm2c,10,1048576,2,66,9.672
wasm2c,10,1048576,2,67,9.538
wasm2c,10,1048576,2,68,9.498
wasm2c,10,1048576,2,69,9.524
wasm2c,10,1048576,2,70,9.565
wasm2c,10,1048576,2,71,9.584
wasm2c,10,1048576,2,72,9.512
wasm2c,10,1048576,2,73,9.534
wasm2c,10,1048576,2,74,9.517
wasm2c,10,1048576,2,75,9.517
wasm2c,10,1048576,2,76,9.577
wasm2c,10,1048576,2,77,9.485
wasm2c,10,1048576,2,78,9.528
wasm2c,10,1048576,2,79,9.51
wasm2c,10,1048576,2,80,9.483
wasm2c,10,1048576,2,81,9.454
wasm2c,10,1048576,2,82,9.52
wasm2c,10,1048576,2,83,9.502
wasm2c,10,1048576,2,84,9.502
wasm2c,10,1048576,2,85,9.516
wasm2c,10,1048576,2,86,9.546
wasm2c,10,1048576,2,87,9.517
wasm2c,10,1048576,2,88,10.877
wasm2c,10,1048576,2,89,9.585
wasm2c,10,1048576,2,90,9.549
wasm2c,10,1048576,2,91,9.648
wasm2c,10,1048576,2,92,9.546
wasm2c,10,1048576,2,93,9.547
wasm2c,10,1048576,2,94,9.939
wasm2c,10,1048576,2,95,9.57
wasm2c,10,1048576,2,96,9.535
wasm2c,10,1048576,2,97,9.467
wasm2c,10,1048576,2,98,9.55
wasm2c,10,1048576,2,99,9.526
